FILEID,STUSAB,SUMLEV,GEOID,GEOCODE,REGION,DIVISION,STATE,COUNTY,COUSUB,TRACT,P0020001,P0020005,P0020006,P0020002,P0020008,P0020007,P0020009,P0020010,P0020011,P0040001,P0040005,P0040006,P0040002,P0040008,P0040007,P0040009,P0040010,P0040011,P0050001,P0050002,P0050003,P0050004,P0050005,P0050006,P0050007,P0050008,P0050009,P0050010,H0010001,H0010002,H0010003
field concept,State/US-Abbreviation (USPS),Summary Level,Geographic Record Identifier,Geographic Code Identifier,Region,Division,State (FIPS),County (FIPS),County Subdivision (FIPS),Census Tract,Total:,White alone,Black or African American alone,Hispanic or Latino,Asian alone,American Indian and Alaska Native alone,Native Hawaiian and Other Pacific Islander alone,Some Other Race alone,Population of two or more races:,Total:,White alone,Black or African American alone,Hispanic or Latino,Asian alone,American Indian and Alaska Native alone,Native Hawaiian and Other Pacific Islander alone,Some Other Race alone,Population of two or more races:,Total:,Institutionalized population:,Correctional facilities for adults,Juvenile facilities,Nursing facilities/Skilled-nursing facilities,Other institutional facilities,Noninstitutionalized population:,College/University student housing,Military quarters,Other noninstitutional facilities,Total:,Occupied,Vacant
PLST,MA,140,1400000US25025000101,25025000101,1,1,25,25,,101,1876,1211,83,183,274,7,0,39,79,1723,1130,70,166,248,6,0,36,67,10,0,0,0,0,0,10,0,0,10,726,697,29
PLST,MA,140,1400000US25025000102,25025000102,1,1,25,25,,102,3714,1565,298,554,883,8,2,177,227,3110,1405,211,411,773,8,2,137,163,17,7,0,7,0,0,10,0,0,10,1695,1606,89
PLST,MA,140,1400000US25025000201,25025000201,1,1,25,25,,201,3953,2712,138,422,421,1,0,101,158,3545,2518,116,321,370,1,0,85,134,45,6,0,6,0,0,39,0,0,39,1608,1544,64
PLST,MA,140,1400000US25025000202,25025000202,1,1,25,25,,202,4148,2394,221,778,536,1,0,64,154,3520,2177,175,546,477,1,0,43,101,41,0,0,0,0,0,41,0,0,41,1606,1539,67
PLST,MA,140,1400000US25025000301,25025000301,1,1,25,25,,301,3136,2218,120,265,403,0,1,30,99,2872,2067,107,226,360,0,1,29,82,100,99,0,0,99,0,1,0,0,1,1337,1290,47
PLST,MA,140,1400000US25025000302,25025000302,1,1,25,25,,302,3072,2022,91,233,550,0,3,52,121,2822,1898,85,191,501,0,3,41,103,15,0,0,0,0,0,15,0,0,15,1371,1323,48
PLST,MA,140,1400000US25025000401,25025000401,1,1,25,25,,401,5853,3717,177,445,1242,6,2,42,222,5439,3443,170,380,1192,6,2,40,206,0,0,0,0,0,0,0,0,0,0,3054,2957,97
PLST,MA,140,1400000US25025000402,25025000402,1,1,25,25,,402,3644,2526,93,220,610,4,0,57,134,3218,2231,92,204,543,4,0,38,106,150,0,0,0,0,0,150,55,0,95,1621,1510,111
PLST,MA,140,1400000US25025000502,25025000502,1,1,25,25,,502,6986,5158,343,531,690,27,22,34,181,6744,4997,338,503,668,26,22,34,156,3447,0,0,0,0,0,3447,3438,0,9,2152,2024,128
PLST,MA,140,1400000US25025000503,25025000503,1,1,25,25,,503,2418,1621,82,212,381,7,0,14,101,2340,1583,81,203,367,4,0,11,91,0,0,0,0,0,0,0,0,0,0,1479,1412,67
PLST,MA,140,1400000US25025000505,25025000505,1,1,25,25,,505,2196,1383,142,243,328,0,0,23,77,2079,1330,135,207,315,0,0,22,70,141,141,0,0,141,0,0,0,0,0,1084,1049,35
PLST,MA,140,1400000US25025000506,25025000506,1,1,25,25,,506,2895,2000,75,207,477,6,0,18,112,2772,1940,73,189,463,6,0,14,87,10,0,0,0,0,0,10,0,0,10,1640,1569,71
PLST,MA,140,1400000US25025000601,25025000601,1,1,25,25,,601,3758,2333,93,402,686,3,1,49,191,3417,2183,79,318,647,3,1,34,152,101,26,0,0,26,0,75,0,0,75,1610,1542,68
PLST,MA,140,1400000US25025000603,25025000603,1,1,25,25,,603,1757,401,396,445,420,0,0,10,85,1460,388,287,317,383,0,0,9,76,56,56,0,0,0,56,0,0,0,0,1012,866,146
PLST,MA,140,1400000US25025000604,25025000604,1,1,25,25,,604,2591,1377,110,361,550,1,1,51,140,2390,1330,101,296,509,1,1,43,109,10,0,0,0,0,0,10,0,0,10,1337,1293,44
PLST,MA,140,1400000US25025000701,25025000701,1,1,25,25,,701,4517,2644,145,419,1045,3,0,47,214,4319,2592,127,372,992,3,0,40,193,8,0,0,0,0,0,8,0,0,8,2384,2304,80
PLST,MA,140,1400000US25025000703,25025000703,1,1,25,25,,703,2442,1250,99,248,726,3,0,15,101,2360,1216,95,229,711,3,0,13,93,12,0,0,0,0,0,12,0,0,12,1375,1315,60
PLST,MA,140,1400000US25025000704,25025000704,1,1,25,25,,704,5312,2669,287,699,1387,2,4,58,206,4929,2543,243,583,1318,0,3,49,190,13,0,0,0,0,0,13,0,0,13,2735,2645,90
PLST,MA,140,1400000US25025000804,25025000804,1,1,25,25,,804,3813,1661,217,818,824,5,4,70,214,3298,1527,167,624,754,0,4,53,169,22,0,0,0,0,0,22,0,0,22,1524,1444,80
PLST,MA,140,1400000US25025000805,25025000805,1,1,25,25,,805,4616,2194,176,532,1437,4,0,64,209,4327,2103,159,442,1379,3,0,53,188,559,0,0,0,0,0,559,559,0,0,1956,1805,151
PLST,MA,140,1400000US25025000806,25025000806,1,1,25,25,,806,1972,949,150,208,530,0,4,10,121,1844,904,148,183,499,0,4,10,96,475,0,0,0,0,0,475,475,0,0,1055,788,267
PLST,MA,140,1400000US25025000807,25025000807,1,1,25,25,,807,2282,1225,204,210,520,0,10,0,113,2269,1223,201,203,520,0,10,0,112,2180,0,0,0,0,0,2180,2180,0,0,40,40,0
PLST,MA,140,1400000US25025010103,25025010103,1,1,25,25,,10103,4697,2661,352,513,942,13,4,55,157,4667,2648,352,513,938,9,4,50,153,4156,0,0,0,0,0,4156,4151,0,5,420,366,54
PLST,MA,140,1400000US25025010104,25025010104,1,1,25,25,,10104,5063,3135,184,533,962,19,1,38,191,4946,3056,184,523,946,18,1,31,187,1975,0,0,0,0,0,1975,1960,0,15,2125,1963,162
PLST,MA,140,1400000US25025010204,25025010204,1,1,25,25,,10204,3443,1690,168,265,1097,0,12,32,179,3346,1651,157,253,1076,0,10,30,169,1480,0,0,0,0,0,1480,1463,0,17,1338,1165,173
PLST,MA,140,1400000US25025010205,25025010205,1,1,25,25,,10205,4906,2343,217,417,1667,7,0,43,212,4646,2240,198,386,1594,2,0,42,184,135,53,53,0,0,0,82,82,0,0,3272,2963,309
PLST,MA,140,1400000US25025010206,25025010206,1,1,25,25,,10206,2154,1040,50,223,749,0,0,9,83,2075,1005,48,207,731,0,0,5,79,15,0,0,0,0,0,15,0,0,15,1384,1291,93
PLST,MA,140,1400000US25025010300,25025010300,1,1,25,25,,10300,5186,3584,329,486,608,4,4,19,152,5142,3581,316,469,604,4,4,17,147,4624,0,0,0,0,0,4624,4624,0,0,366,317,49
PLST,MA,140,1400000US25025010403,25025010403,1,1,25,25,,10403,3179,1571,246,332,859,1,2,21,147,3041,1530,232,285,844,1,0,20,129,0,0,0,0,0,0,0,0,0,0,2203,2039,164
PLST,MA,140,1400000US25025010404,25025010404,1,1,25,25,,10404,5747,3291,394,535,1247,0,24,19,237,5609,3257,360,512,1215,0,24,19,222,2617,0,0,0,0,0,2617,2554,0,63,1896,1670,226
PLST,MA,140,1400000US25025010405,25025010405,1,1,25,25,,10405,6853,3793,683,547,1332,5,0,164,329,6707,3753,663,496,1316,5,0,159,315,5096,261,0,0,261,0,4835,4750,0,85,1005,912,93
PLST,MA,140,1400000US25025010408,25025010408,1,1,25,25,,10408,1438,821,39,194,311,0,0,8,65,1389,805,37,173,305,0,0,8,61,0,0,0,0,0,0,0,0,0,0,981,903,78
PLST,MA,140,1400000US25025010500,25025010500,1,1,25,25,,10500,3876,2086,306,300,987,5,3,30,159,3697,2012,271,283,964,5,3,26,133,1059,219,0,0,219,0,840,840,0,0,1940,1654,286
PLST,MA,140,1400000US25025010600,25025010600,1,1,25,25,,10600,3529,2472,149,249,507,0,1,12,139,3239,2299,137,213,467,0,1,11,111,19,0,0,0,0,0,19,0,0,19,2531,2155,376
PLST,MA,140,1400000US25025010701,25025010701,1,1,25,25,,10701,2543,1963,53,161,240,0,0,13,113,2405,1860,53,155,222,0,0,13,102,298,0,0,0,0,0,298,285,0,13,1581,1403,178
PLST,MA,140,1400000US25025010702,25025010702,1,1,25,25,,10702,2328,1856,52,157,154,4,0,14,91,2166,1734,50,142,145,4,0,12,79,115,0,0,0,0,0,115,29,0,86,1595,1342,253
PLST,MA,140,1400000US25025010801,25025010801,1,1,25,25,,10801,2856,2235,86,202,237,3,0,10,83,2711,2129,86,193,226,0,0,10,67,281,50,0,0,50,0,231,231,0,0,1814,1629,185
PLST,MA,140,1400000US25025010802,25025010802,1,1,25,25,,10802,3058,2453,44,139,281,4,0,20,117,2824,2315,44,105,262,4,0,15,79,107,0,0,0,0,0,107,102,0,5,2063,1823,240
PLST,MA,140,1400000US25025020101,25025020101,1,1,25,25,,20101,4235,3643,44,167,210,0,0,25,146,3812,3302,44,147,199,0,0,23,97,32,0,0,0,0,0,32,0,0,32,2745,2400,345
PLST,MA,140,1400000US25025020200,25025020200,1,1,25,25,,20200,3804,2870,166,269,329,1,1,13,155,3608,2757,145,246,325,1,1,12,121,0,0,0,0,0,0,0,0,0,0,2487,2339,148
PLST,MA,140,1400000US25025020301,25025020301,1,1,25,25,,20301,2166,1288,60,143,581,0,0,11,83,2023,1207,57,131,547,0,0,11,70,16,0,0,0,0,0,16,0,0,16,1457,1335,122
PLST,MA,140,1400000US25025020302,25025020302,1,1,25,25,,20302,1293,1007,42,100,90,0,0,8,46,1179,920,42,81,90,0,0,8,38,1,0,0,0,0,0,1,0,0,1,803,744,59
PLST,MA,140,1400000US25025020304,25025020304,1,1,25,25,,20304,1906,1269,111,193,233,2,1,20,77,1740,1187,103,152,225,2,1,19,51,91,57,0,0,0,57,34,0,0,34,1156,1049,107
PLST,MA,140,1400000US25025020305,25025020305,1,1,25,25,,20305,3633,2376,167,277,625,7,0,54,127,3335,2226,143,248,574,7,0,47,90,37,34,34,0,0,0,3,0,0,3,2630,2188,442
PLST,MA,140,1400000US25025030100,25025030100,1,1,25,25,,30100,2115,1842,26,101,85,0,2,5,54,2023,1782,18,82,82,0,2,5,52,3,0,0,0,0,0,3,0,0,3,1381,1291,90
PLST,MA,140,1400000US25025030200,25025030200,1,1,25,25,,30200,1815,1558,13,105,76,0,1,3,59,1742,1512,13,93,75,0,1,0,48,0,0,0,0,0,0,0,0,0,0,1143,1088,55
PLST,MA,140,1400000US25025030301,25025030301,1,1,25,25,,30301,1385,1154,4,52,140,0,3,10,22,1258,1072,4,43,114,0,3,10,12,3,0,0,0,0,0,3,0,0,3,901,783,118
PLST,MA,140,1400000US25025030302,25025030302,1,1,25,25,,30302,1844,1300,103,157,195,2,0,13,74,1745,1238,103,132,189,2,0,12,69,523,0,0,0,0,0,523,334,0,189,1249,868,381
PLST,MA,140,1400000US25025030400,25025030400,1,1,25,25,,30400,4160,3511,69,233,171,6,0,26,144,3912,3329,69,187,168,6,0,23,130,62,41,0,0,41,0,21,0,0,21,2636,2421,215
PLST,MA,140,1400000US25025030500,25025030500,1,1,25,25,,30500,2715,2395,33,89,108,1,2,11,76,2559,2265,32,83,105,0,2,9,63,124,0,0,0,0,0,124,0,116,8,1672,1514,158
PLST,MA,140,1400000US25025040100,25025040100,1,1,25,25,,40100,2360,2051,17,99,94,3,0,16,80,2023,1784,17,79,82,3,0,14,44,30,0,0,0,0,0,30,0,30,0,1255,1201,54
PLST,MA,140,1400000US25025040200,25025040200,1,1,25,25,,40200,1594,837,197,380,91,4,1,12,72,1156,663,119,234,83,0,1,10,46,0,0,0,0,0,0,0,0,0,0,704,639,65
PLST,MA,140,1400000US25025040300,25025040300,1,1,25,25,,40300,4525,3506,226,465,138,0,0,21,169,3574,2906,121,281,128,0,0,16,122,7,0,0,0,0,0,7,0,0,7,2115,2021,94
PLST,MA,140,1400000US25025040401,25025040401,1,1,25,25,,40401,2922,2206,68,204,354,0,0,24,66,2384,1845,56,151,271,0,0,16,45,55,55,0,0,55,0,0,0,0,0,1310,1256,54
PLST,MA,140,1400000US25025040600,25025040600,1,1,25,25,,40600,3683,2981,89,202,266,2,1,6,136,3175,2603,77,157,234,2,1,6,95,18,0,0,0,0,0,18,0,0,18,2019,1805,214
PLST,MA,140,1400000US25025040801,25025040801,1,1,25,25,,40801,4036,2045,393,725,703,7,2,19,142,3349,1888,272,485,602,7,2,13,80,0,0,0,0,0,0,0,0,0,0,2122,2010,112
PLST,MA,140,1400000US25025050101,25025050101,1,1,25,25,,50101,4917,1242,176,3058,253,2,7,43,136,3808,1111,137,2204,218,2,4,30,102,39,0,0,0,0,0,39,0,0,39,1878,1759,119
PLST,MA,140,1400000US25025050200,25025050200,1,1,25,25,,50200,5197,1467,121,3168,174,15,3,78,171,4077,1278,114,2341,144,9,3,55,133,9,0,0,0,0,0,9,0,0,9,1994,1850,144
PLST,MA,140,1400000US25025050300,25025050300,1,1,25,25,,50300,3258,1251,283,1207,354,5,0,32,126,2777,1142,237,936,327,5,0,30,100,36,12,0,12,0,0,24,0,0,24,1929,1700,229
PLST,MA,140,1400000US25025050400,25025050400,1,1,25,25,,50400,2372,1090,41,969,119,2,1,60,90,2021,1000,36,747,107,2,0,55,74,0,0,0,0,0,0,0,0,0,0,1111,1033,78
PLST,MA,140,1400000US25025050500,25025050500,1,1,25,25,,50500,2174,932,45,944,103,0,0,25,125,1820,858,44,707,97,0,0,20,94,0,0,0,0,0,0,0,0,0,0,972,921,51
PLST,MA,140,1400000US25025050600,25025050600,1,1,25,25,,50600,2074,701,46,1168,82,3,1,25,48,1712,628,40,914,75,0,0,16,39,0,0,0,0,0,0,0,0,0,0,879,833,46
PLST,MA,140,1400000US25025050700,25025050700,1,1,25,25,,50700,4520,1268,122,2699,122,10,1,140,158,3529,1083,95,2026,101,5,1,89,129,15,0,0,0,0,0,15,0,0,15,1680,1536,144
PLST,MA,140,1400000US25025050901,25025050901,1,1,25,25,,50901,4242,1091,77,2749,92,2,0,90,141,3268,949,66,1999,84,2,0,58,110,0,0,0,0,0,0,0,0,0,0,1504,1412,92
PLST,MA,140,1400000US25025051000,25025051000,1,1,25,25,,51000,4317,1906,128,1907,154,2,0,71,149,3508,1679,86,1449,138,1,0,49,106,3,0,0,0,0,0,3,0,0,3,1844,1749,95
PLST,MA,140,1400000US25025051101,25025051101,1,1,25,25,,51101,6460,2741,275,2821,313,3,0,66,241,5274,2422,214,2164,264,1,0,54,155,141,132,0,0,132,0,9,0,0,9,2444,2264,180
PLST,MA,140,1400000US25025051200,25025051200,1,1,25,25,,51200,3454,2017,85,1000,149,1,0,48,154,2965,1836,66,767,147,1,0,35,113,5,0,0,0,0,0,5,0,0,5,1745,1607,138
PLST,MA,140,1400000US25025060101,25025060101,1,1,25,25,,60101,3673,3400,15,128,55,2,0,6,67,3314,3072,15,109,54,0,0,6,58,0,0,0,0,0,0,0,0,0,0,1880,1770,110
PLST,MA,140,1400000US25025060200,25025060200,1,1,25,25,,60200,2328,2149,7,81,29,1,0,7,54,2123,1976,7,65,28,0,0,7,40,3,0,0,0,0,0,3,0,0,3,1119,1043,76
PLST,MA,140,1400000US25025060301,25025060301,1,1,25,25,,60301,3609,3368,32,89,45,0,0,18,57,3278,3089,23,69,42,0,0,11,44,49,0,0,0,0,0,49,0,0,49,1829,1704,125
PLST,MA,140,1400000US25025060400,25025060400,1,1,25,25,,60400,5195,4740,27,181,104,6,0,12,125,4801,4407,22,156,103,6,0,12,95,0,0,0,0,0,0,0,0,0,0,2708,2506,202
PLST,MA,140,1400000US25025060501,25025060501,1,1,25,25,,60501,4733,4167,31,184,207,2,2,18,122,4312,3858,27,141,178,2,1,18,87,0,0,0,0,0,0,0,0,0,0,2450,2291,159
PLST,MA,140,1400000US25025060601,25025060601,1,1,25,25,,60601,2006,1661,44,86,150,1,0,8,56,1856,1562,44,67,134,1,0,7,41,5,0,0,0,0,0,5,0,0,5,1165,1087,78
PLST,MA,140,1400000US25025060602,25025060602,1,1,25,25,,60602,331,265,10,10,33,2,0,0,11,312,255,9,9,29,2,0,0,8,0,0,0,0,0,0,0,0,0,0,246,214,32
PLST,MA,140,1400000US25025060603,25025060603,1,1,25,25,,60603,1502,1152,44,83,134,0,1,7,81,1417,1112,40,68,130,0,1,6,60,0,0,0,0,0,0,0,0,0,0,1185,910,275
PLST,MA,140,1400000US25025060604,25025060604,1,1,25,25,,60604,2803,2110,95,176,250,0,0,56,116,2678,2058,80,153,237,0,0,56,94,0,0,0,0,0,0,0,0,0,0,2517,1888,629
PLST,MA,140,1400000US25025060700,25025060700,1,1,25,25,,60700,1689,229,341,831,142,3,4,37,102,1165,187,223,537,115,1,3,25,74,0,0,0,0,0,0,0,0,0,0,604,590,14
PLST,MA,140,1400000US25025060800,25025060800,1,1,25,25,,60800,4859,4201,45,233,247,11,1,13,108,4502,3938,38,194,221,11,1,8,91,36,36,0,36,0,0,0,0,0,0,2536,2381,155
PLST,MA,140,1400000US25025061000,25025061000,1,1,25,25,,61000,2416,1168,334,634,164,0,0,22,94,1933,1071,206,430,150,0,0,10,66,0,0,0,0,0,0,0,0,0,0,1101,1036,65
PLST,MA,140,1400000US25025061101,25025061101,1,1,25,25,,61101,2710,516,518,1127,388,12,0,37,112,1990,440,352,770,339,4,0,25,60,20,20,0,20,0,0,0,0,0,0,1266,1214,52
PLST,MA,140,1400000US25025061201,25025061201,1,1,25,25,,61201,2013,1567,65,132,170,0,0,7,72,1882,1483,59,122,152,0,0,7,59,68,0,0,0,0,0,68,0,0,68,1038,976,62
PLST,MA,140,1400000US25025061202,25025061202,1,1,25,25,,61202,0,0,0,0,0,0,0,0,0,0,0,0,0,0,0,0,0,0,0,0,0,0,0,0,0,0,0,0,0,0,0
PLST,MA,140,1400000US25025061203,25025061203,1,1,25,25,,61203,2686,1973,70,181,369,0,0,6,87,2458,1847,68,139,329,0,0,6,69,188,188,0,0,188,0,0,0,0,0,1444,1363,81
PLST,MA,140,1400000US25025061204,25025061204,1,1,25,25,,61204,937,787,11,45,64,0,0,3,27,876,745,9,40,61,0,0,0,21,0,0,0,0,0,0,0,0,0,0,673,611,62
PLST,MA,140,1400000US25025070102,25025070102,1,1,25,25,,70102,3687,2194,232,353,745,7,4,20,132,3537,2120,232,337,717,7,4,20,100,1600,0,0,0,0,0,1600,1081,0,519,1649,1223,426
PLST,MA,140,1400000US25025070103,25025070103,1,1,25,25,,70103,751,236,68,68,369,0,0,0,10,623,210,52,47,305,0,0,0,9,0,0,0,0,0,0,0,0,0,0,379,348,31
PLST,MA,140,1400000US25025070104,25025070104,1,1,25,25,,70104,2862,1852,51,144,667,2,0,16,130,2576,1712,51,129,592,2,0,11,79,116,0,0,0,0,0,116,0,0,116,1716,1492,224
PLST,MA,140,1400000US25025070201,25025070201,1,1,25,25,,70201,3990,2230,179,261,1264,0,0,12,44,3859,2198,169,247,1198,0,0,12,35,2203,321,0,0,321,0,1882,1868,0,14,1089,1018,71
PLST,MA,140,1400000US25025070202,25025070202,1,1,25,25,,70202,5460,1608,186,383,3107,2,4,16,154,4854,1531,164,343,2662,2,4,16,132,446,0,0,0,0,0,446,443,0,3,2893,2589,304
PLST,MA,140,1400000US25025070301,25025070301,1,1,25,25,,70301,2213,1687,50,163,207,0,0,13,93,1999,1554,48,141,186,0,0,12,58,0,0,0,0,0,0,0,0,0,0,1359,1283,76
PLST,MA,140,1400000US25025070302,25025070302,1,1,25,25,,70302,2090,1426,55,105,426,0,1,13,64,1911,1324,49,75,410,0,1,13,39,20,0,0,0,0,0,20,0,0,20,1398,1182,216
PLST,MA,140,1400000US25025070402,25025070402,1,1,25,25,,70402,3561,1473,374,278,1308,3,0,22,103,3251,1415,286,243,1201,1,0,19,86,0,0,0,0,0,0,0,0,0,0,2178,2009,169
PLST,MA,140,1400000US25025070501,25025070501,1,1,25,25,,70501,2223,1621,58,197,272,5,0,7,63,1975,1458,55,175,242,5,0,7,33,26,0,0,0,0,0,26,0,0,26,1261,1191,70
PLST,MA,140,1400000US25025070502,25025070502,1,1,25,25,,70502,3393,1544,254,865,629,3,1,15,82,2907,1402,219,660,554,0,1,12,59,18,0,0,0,0,0,18,0,0,18,1844,1735,109
PLST,MA,140,1400000US25025070600,25025070600,1,1,25,25,,70600,2287,1805,99,131,127,1,0,9,115,2001,1612,83,102,117,1,0,9,77,52,0,0,0,0,0,52,0,0,52,1260,1151,109
PLST,MA,140,1400000US25025070700,25025070700,1,1,25,25,,70700,2527,1372,486,239,265,10,0,31,124,2166,1235,392,190,234,10,0,31,74,5,0,0,0,0,0,5,0,0,5,1336,1271,65
PLST,MA,140,1400000US25025070801,25025070801,1,1,25,25,,70801,1056,571,174,96,142,0,1,6,66,953,547,136,70,137,0,1,6,56,0,0,0,0,0,0,0,0,0,0,607,549,58
PLST,MA,140,1400000US25025070802,25025070802,1,1,25,25,,70802,2685,1702,363,266,218,6,1,17,112,2404,1535,314,230,213,6,1,10,95,19,0,0,0,0,0,19,0,0,19,1538,1461,77
PLST,MA,140,1400000US25025070901,25025070901,1,1,25,25,,70901,1165,291,303,400,113,0,0,12,46,953,267,244,294,108,0,0,12,28,15,15,0,15,0,0,0,0,0,0,568,547,21
PLST,MA,140,1400000US25025070902,25025070902,1,1,25,25,,70902,2300,1203,331,398,239,2,0,7,120,2007,1108,285,298,221,1,0,7,87,14,0,0,0,0,0,14,0,0,14,1253,1192,61
PLST,MA,140,1400000US25025071101,25025071101,1,1,25,25,,71101,4111,2077,596,547,679,16,5,33,158,3744,1942,513,461,651,16,5,33,123,373,61,16,0,0,45,312,0,0,312,2272,2132,140
PLST,MA,140,1400000US25025071201,25025071201,1,1,25,25,,71201,3514,1452,593,809,497,4,0,29,130,2950,1323,463,600,438,4,0,21,101,277,0,0,0,0,0,277,0,0,277,1899,1545,354
PLST,MA,140,1400000US25025080100,25025080100,1,1,25,25,,80100,2900,572,1012,796,46,2,1,114,357,2486,566,883,631,37,0,1,89,279,993,730,726,4,0,0,263,0,0,263,861,749,112
PLST,MA,140,1400000US25025080300,25025080300,1,1,25,25,,80300,2236,146,1045,805,80,1,1,33,125,1663,130,817,548,61,1,1,17,88,35,15,0,15,0,0,20,0,0,20,871,833,38
PLST,MA,140,1400000US25025080401,25025080401,1,1,25,25,,80401,3391,352,1214,1341,291,10,0,54,129,2709,338,949,995,284,5,0,33,105,387,0,0,0,0,0,387,0,0,387,1463,1392,71
PLST,MA,140,1400000US25025080500,25025080500,1,1,25,25,,80500,3288,308,1234,1372,255,0,2,25,92,2458,275,895,969,232,0,2,15,70,29,0,0,0,0,0,29,0,0,29,1430,1378,52
PLST,MA,140,1400000US25025080601,25025080601,1,1,25,25,,80601,4732,1749,732,687,1263,5,3,23,270,4432,1705,640,573,1227,5,3,16,263,2500,0,0,0,0,0,2500,2484,0,16,1482,1005,477
PLST,MA,140,1400000US25025080801,25025080801,1,1,25,25,,80801,4282,1238,940,1414,533,9,1,51,96,3611,1226,681,1059,509,7,1,46,82,1502,0,0,0,0,0,1502,1502,0,0,1096,1042,54
PLST,MA,140,1400000US25025080900,25025080900,1,1,25,25,,80900,4376,2194,319,355,1305,2,0,33,168,4092,2078,273,289,1268,2,0,33,149,16,4,0,4,0,0,12,0,0,12,1910,1809,101
PLST,MA,140,1400000US25025081001,25025081001,1,1,25,25,,81001,5695,1955,639,1064,1744,7,1,81,204,4966,1847,504,797,1562,7,1,65,183,61,0,0,0,0,0,61,0,0,61,2581,2510,71
PLST,MA,140,1400000US25025081101,25025081101,1,1,25,25,,81101,1484,806,154,158,299,0,0,4,63,1405,777,146,139,281,0,0,4,58,156,156,0,0,156,0,0,0,0,0,951,808,143
PLST,MA,140,1400000US25025081102,25025081102,1,1,25,25,,81102,3165,1248,529,508,731,6,0,18,125,2927,1193,478,438,693,4,0,14,107,194,112,0,0,112,0,82,0,0,82,1368,1307,61
PLST,MA,140,1400000US25025081200,25025081200,1,1,25,25,,81200,3506,577,913,1677,156,2,0,41,140,2650,503,666,1223,139,2,0,23,94,26,0,0,0,0,0,26,0,0,26,1378,1290,88
PLST,MA,140,1400000US25025081301,25025081301,1,1,25,25,,81301,2394,336,769,1108,62,8,3,7,101,1850,294,588,831,58,6,2,5,66,89,50,0,50,0,0,39,0,0,39,1122,1060,62
PLST,MA,140,1400000US25025081302,25025081302,1,1,25,25,,81302,3080,255,1186,1415,65,9,0,27,123,2376,216,926,1037,65,9,0,27,96,155,70,0,70,0,0,85,0,0,85,1318,1265,53
PLST,MA,140,1400000US25025081400,25025081400,1,1,25,25,,81400,3774,1172,1324,684,326,9,1,33,225,3259,1095,1131,530,290,3,1,26,183,60,0,0,0,0,0,60,36,0,24,1664,1558,106
PLST,MA,140,1400000US25025081500,25025081500,1,1,25,25,,81500,2449,406,1107,631,117,4,0,19,165,1984,360,924,448,102,3,0,12,135,24,0,0,0,0,0,24,0,0,24,1007,955,52
PLST,MA,140,1400000US25025081700,25025081700,1,1,25,25,,81700,4141,254,2337,1100,158,22,0,65,205,3135,219,1823,754,131,14,0,45,149,35,15,0,15,0,0,20,0,0,20,1681,1570,111
PLST,MA,140,1400000US25025081800,25025081800,1,1,25,25,,81800,3567,256,1923,1084,46,5,0,56,197,2754,221,1560,761,41,4,0,38,129,17,0,0,0,0,0,17,0,0,17,1486,1380,106
PLST,MA,140,1400000US25025081900,25025081900,1,1,25,25,,81900,3671,127,1983,1284,33,6,0,57,181,2738,104,1541,873,33,4,0,48,135,52,32,0,32,0,0,20,0,0,20,1471,1391,80
PLST,MA,140,1400000US25025082000,25025082000,1,1,25,25,,82000,3195,129,1882,830,32,8,1,73,240,2435,102,1503,571,22,8,1,51,177,9,9,0,9,0,0,0,0,0,0,1352,1253,99
PLST,MA,140,1400000US25025082100,25025082100,1,1,25,25,,82100,5224,164,2657,2079,48,9,3,55,209,3824,142,1987,1453,41,9,3,35,154,32,0,0,0,0,0,32,0,0,32,2150,2072,78
PLST,MA,140,1400000US25025090100,25025090100,1,1,25,25,,90100,5171,133,2930,1637,61,41,0,100,269,3768,106,2204,1115,51,24,0,62,206,20,0,0,0,0,0,20,0,0,20,1968,1825,143
PLST,MA,140,1400000US25025090200,25025090200,1,1,25,25,,90200,2412,105,933,1099,56,0,0,50,169,1626,74,647,723,43,0,0,33,106,77,59,0,59,0,0,18,0,0,18,840,811,29
PLST,MA,140,1400000US25025090300,25025090300,1,1,25,25,,90300,3795,82,1812,1469,48,11,1,79,293,2616,50,1301,958,40,9,1,56,201,18,18,0,18,0,0,0,0,0,0,1296,1238,58
PLST,MA,140,1400000US25025090400,25025090400,1,1,25,25,,90400,4101,168,1712,1398,140,5,2,165,511,3003,149,1275,983,101,1,2,117,375,17,0,0,0,0,0,17,0,0,17,1428,1348,80
PLST,MA,140,1400000US25025090600,25025090600,1,1,25,25,,90600,2450,175,744,621,50,3,0,319,538,1881,140,587,424,41,3,0,251,435,33,0,0,0,0,0,33,0,0,33,840,772,68
PLST,MA,140,1400000US25025090700,25025090700,1,1,25,25,,90700,4673,2858,282,449,824,13,1,61,185,4204,2658,245,368,722,7,1,56,147,54,0,0,0,0,0,54,0,0,54,2410,2111,299
PLST,MA,140,1400000US25025090901,25025090901,1,1,25,25,,90901,3600,1007,530,784,1114,7,5,25,128,3083,877,410,600,1067,6,5,22,96,22,0,0,0,0,0,22,0,0,22,1728,1610,118
PLST,MA,140,1400000US25025091001,25025091001,1,1,25,25,,91001,3255,1766,275,311,702,5,0,27,169,2867,1622,234,251,589,3,0,24,144,0,0,0,0,0,0,0,0,0,0,1662,1558,104
PLST,MA,140,1400000US25025091100,25025091100,1,1,25,25,,91100,4916,2528,430,430,1191,8,0,90,239,4287,2353,340,346,973,8,0,81,186,10,0,0,0,0,0,10,0,0,10,2057,1911,146
PLST,MA,140,1400000US25025091200,25025091200,1,1,25,25,,91200,3140,1120,546,761,174,0,0,155,384,2547,1058,405,501,142,0,0,140,301,193,104,0,104,0,0,89,0,0,89,1276,1204,72
PLST,MA,140,1400000US25025091300,25025091300,1,1,25,25,,91300,2626,297,716,568,109,2,0,432,502,1990,261,504,418,95,2,0,349,361,18,0,0,0,0,0,18,0,0,18,935,881,54
PLST,MA,140,1400000US25025091400,25025091400,1,1,25,25,,91400,2886,201,1205,910,33,15,2,197,323,2227,186,929,646,30,12,2,168,254,144,12,0,12,0,0,132,0,0,132,1052,996,56
PLST,MA,140,1400000US25025091500,25025091500,1,1,25,25,,91500,4588,621,1292,1083,270,1,2,441,878,3509,554,1008,721,222,1,2,350,651,16,16,0,16,0,0,0,0,0,0,1731,1632,99
PLST,MA,140,1400000US25025091600,25025091600,1,1,25,25,,91600,3200,462,684,639,927,13,0,128,347,2502,428,514,449,749,13,0,88,261,46,0,0,0,0,0,46,0,0,46,1241,1162,79
PLST,MA,140,1400000US25025091700,25025091700,1,1,25,25,,91700,3203,208,1311,795,155,13,0,195,526,2351,181,947,543,123,9,0,149,399,30,0,0,0,0,0,30,0,0,30,1074,965,109
PLST,MA,140,1400000US25025091800,25025091800,1,1,25,25,,91800,3718,195,1567,915,121,8,0,248,664,2784,172,1228,594,95,6,0,190,499,45,0,0,0,0,0,45,0,0,45,1320,1215,105
PLST,MA,140,1400000US25025091900,25025091900,1,1,25,25,,91900,4278,143,2449,1089,62,15,0,136,384,3172,123,1869,759,38,8,0,95,280,22,0,0,0,0,0,22,0,0,22,1459,1382,77
PLST,MA,140,1400000US25025092000,25025092000,1,1,25,25,,92000,5180,403,2218,1225,651,10,3,150,520,3992,349,1686,899,514,9,3,120,412,75,27,0,27,0,0,48,0,0,48,1776,1604,172
PLST,MA,140,1400000US25025092101,25025092101,1,1,25,25,,92101,6921,1900,1260,919,2386,10,0,110,336,5553,1725,971,638,1870,10,0,87,252,181,125,0,0,125,0,56,0,0,56,2592,2449,143
PLST,MA,140,1400000US25025092200,25025092200,1,1,25,25,,92200,3602,751,1255,545,665,19,4,78,285,2887,668,1043,388,510,15,4,68,191,26,0,0,0,0,0,26,0,0,26,1292,1219,73
PLST,MA,140,1400000US25025092300,25025092300,1,1,25,25,,92300,3301,119,2033,740,131,16,0,58,204,2408,89,1544,457,105,16,0,44,153,11,0,0,0,0,0,11,0,0,11,1172,1085,87
PLST,MA,140,1400000US25025092400,25025092400,1,1,25,25,,92400,6067,181,2984,2281,71,25,0,82,443,4262,127,2233,1459,55,17,0,59,312,34,0,0,0,0,0,34,0,0,34,2186,2059,127
PLST,MA,140,1400000US25025100100,25025100100,1,1,25,25,,100100,5722,151,3209,1843,64,18,0,117,320,4001,128,2311,1198,45,13,0,75,231,176,41,0,41,0,0,135,0,0,135,1973,1892,81
PLST,MA,140,1400000US25025100200,25025100200,1,1,25,25,,100200,2919,46,1963,621,33,9,0,62,185,2133,37,1484,402,28,7,0,40,135,30,0,0,0,0,0,30,0,0,30,1025,964,61
PLST,MA,140,1400000US25025100300,25025100300,1,1,25,25,,100300,3737,128,2505,650,98,10,0,56,290,2832,116,1965,423,73,10,0,41,204,13,0,0,0,0,0,13,0,0,13,1323,1238,85
PLST,MA,140,1400000US25025100400,25025100400,1,1,25,25,,100400,5068,768,2749,742,351,12,2,103,341,4102,709,2235,525,285,11,0,81,256,125,89,0,0,89,0,36,0,0,36,2070,1922,148
PLST,MA,140,1400000US25025100500,25025100500,1,1,25,25,,100500,6576,934,3060,1421,667,29,9,124,332,5052,821,2341,997,519,29,6,87,252,28,9,0,9,0,0,19,0,0,19,2533,2372,161
PLST,MA,140,1400000US25025100601,25025100601,1,1,25,25,,100601,5342,2095,1100,592,1075,8,0,117,355,4322,1818,891,435,833,8,0,90,247,11,0,0,0,0,0,11,0,0,11,2251,2099,152
PLST,MA,140,1400000US25025100603,25025100603,1,1,25,25,,100603,2172,1391,226,148,289,4,0,25,89,1808,1195,191,112,223,4,0,14,69,88,77,0,0,77,0,11,0,0,11,951,883,68
PLST,MA,140,1400000US25025100700,25025100700,1,1,25,25,,100700,4332,3729,140,121,200,0,0,23,119,3614,3127,123,91,169,0,0,18,86,0,0,0,0,0,0,0,0,0,0,2047,1948,99
PLST,MA,140,1400000US25025100800,25025100800,1,1,25,25,,100800,5791,3089,1050,498,802,3,1,72,276,4866,2715,875,374,642,3,1,49,207,0,0,0,0,0,0,0,0,0,0,2725,2588,137
PLST,MA,140,1400000US25025100900,25025100900,1,1,25,25,,100900,4148,993,2089,424,364,7,0,53,218,3427,909,1714,315,287,7,0,43,152,23,12,0,0,12,0,11,0,0,11,1758,1669,89
PLST,MA,140,1400000US25025101001,25025101001,1,1,25,25,,101001,5595,107,4340,784,16,8,3,51,286,4469,91,3557,571,9,6,2,28,205,6,6,0,6,0,0,0,0,0,0,2286,2161,125
PLST,MA,140,1400000US25025101002,25025101002,1,1,25,25,,101002,5712,195,3852,1205,53,19,4,62,322,4413,174,3077,796,50,14,4,47,251,124,73,0,0,73,0,51,0,0,51,2296,2213,83
PLST,MA,140,1400000US25025101101,25025101101,1,1,25,25,,101101,3522,108,2436,752,28,7,0,35,156,2673,94,1919,484,25,4,0,30,117,19,8,0,8,0,0,11,0,0,11,1317,1233,84
PLST,MA,140,1400000US25025101102,25025101102,1,1,25,25,,101102,4766,59,3541,874,17,13,4,22,236,3438,37,2665,524,12,13,4,18,165,90,61,0,61,0,0,29,0,0,29,1688,1544,144
PLST,MA,140,1400000US25025110104,25025110104,1,1,25,25,,110104,2177,433,532,1045,55,1,0,25,86,1636,381,396,732,45,0,0,17,65,0,0,0,0,0,0,0,0,0,0,779,750,29
PLST,MA,140,1400000US25025110105,25025110105,1,1,25,25,,110105,2120,1233,158,281,302,1,2,23,120,1873,1126,146,226,270,1,2,15,87,3,0,0,0,0,0,3,0,0,3,1160,981,179
PLST,MA,140,1400000US25025110106,25025110106,1,1,25,25,,110106,1356,710,160,348,68,0,2,12,56,1136,613,134,285,66,0,2,11,25,10,0,0,0,0,0,10,0,0,10,614,582,32
PLST,MA,140,1400000US25025110201,25025110201,1,1,25,25,,110201,2091,339,735,831,65,0,0,34,87,1625,307,589,592,54,0,0,30,53,23,0,0,0,0,0,23,0,0,23,851,809,42
PLST,MA,140,1400000US25025110301,25025110301,1,1,25,25,,110301,2500,1022,607,664,74,1,1,24,107,2051,884,482,531,66,0,1,23,64,9,9,0,9,0,0,0,0,0,0,1026,960,66
PLST,MA,140,1400000US25025110401,25025110401,1,1,25,25,,110401,3625,1282,902,1144,125,3,1,16,152,2947,1117,711,895,113,3,0,14,94,7,0,0,0,0,0,7,0,0,7,1427,1368,59
PLST,MA,140,1400000US25025110403,25025110403,1,1,25,25,,110403,4437,2122,914,1026,124,3,0,47,201,3595,1799,744,787,113,3,0,35,114,7,0,0,0,0,0,7,0,0,7,1796,1726,70
PLST,MA,140,1400000US25025110501,25025110501,1,1,25,25,,110501,3302,2237,269,508,111,4,0,23,150,2638,1854,205,377,89,4,0,20,89,5,0,0,0,0,0,5,0,0,5,1396,1319,77
PLST,MA,140,1400000US25025110502,25025110502,1,1,25,25,,110502,4000,2178,556,918,131,8,0,33,176,3272,1857,445,705,113,8,0,29,115,7,0,0,0,0,0,7,0,0,7,1765,1672,93
PLST,MA,140,1400000US25025110601,25025110601,1,1,25,25,,110601,2639,2164,52,147,185,0,0,9,82,2237,1887,47,101,146,0,0,9,47,138,125,0,0,125,0,13,0,0,13,1191,1116,75
PLST,MA,140,1400000US25025110607,25025110607,1,1,25,25,,110607,5276,4074,269,456,227,2,0,42,206,4440,3507,225,349,192,2,0,23,142,446,438,0,0,438,0,8,0,0,8,2264,2156,108
PLST,MA,140,1400000US25025120103,25025120103,1,1,25,25,,120103,1642,1296,58,88,88,0,0,8,104,1366,1090,52,73,86,0,0,8,57,14,0,0,0,0,0,14,0,0,14,727,694,33
PLST,MA,140,1400000US25025120104,25025120104,1,1,25,25,,120104,2373,1570,153,324,156,1,0,16,153,2040,1409,116,254,143,1,0,16,101,13,0,0,0,0,0,13,0,0,13,1138,1088,50
PLST,MA,140,1400000US25025120105,25025120105,1,1,25,25,,120105,2492,1896,120,173,148,5,3,12,135,2083,1656,105,124,126,4,3,4,61,336,102,0,20,82,0,234,160,0,74,948,902,46
PLST,MA,140,1400000US25025120201,25025120201,1,1,25,25,,120201,4360,2353,484,828,416,8,2,41,228,3786,2115,400,661,400,6,2,33,169,15,0,0,0,0,0,15,0,0,15,2241,2126,115
PLST,MA,140,1400000US25025120301,25025120301,1,1,25,25,,120301,5120,2274,637,1590,296,3,0,50,270,4337,2047,549,1244,273,3,0,47,174,154,81,0,0,81,0,73,0,0,73,2093,1975,118
PLST,MA,140,1400000US25025120400,25025120400,1,1,25,25,,120400,6006,4349,348,598,371,10,0,48,282,5284,3884,330,502,342,10,0,40,176,169,120,0,0,0,120,49,0,0,49,2945,2826,119
PLST,MA,140,1400000US25025120500,25025120500,1,1,25,25,,120500,2423,923,265,916,209,1,2,16,91,2066,846,202,749,188,0,2,15,64,0,0,0,0,0,0,0,0,0,0,977,929,48
PLST,MA,140,1400000US25025120600,25025120600,1,1,25,25,,120600,2566,1852,118,284,153,4,0,14,141,2218,1633,108,241,138,4,0,14,80,8,0,0,0,0,0,8,0,0,8,1172,1115,57
PLST,MA,140,1400000US25025120700,25025120700,1,1,25,25,,120700,2139,1271,171,283,301,1,3,11,98,1927,1173,160,240,270,0,0,5,79,57,20,0,20,0,0,37,0,0,37,1067,1016,51
PLST,MA,140,1400000US25025130101,25025130101,1,1,25,25,,130101,6048,4540,206,440,580,1,0,59,222,5025,3841,176,334,481,1,0,42,150,11,0,0,0,0,0,11,0,0,11,2897,2759,138
PLST,MA,140,1400000US25025130200,25025130200,1,1,25,25,,130200,4708,3763,156,308,294,1,0,34,152,3821,3135,125,217,234,1,0,22,87,77,65,0,0,65,0,12,0,0,12,1995,1903,92
PLST,MA,140,1400000US25025130300,25025130300,1,1,25,25,,130300,4496,3543,165,322,304,3,0,21,138,3569,2867,127,233,256,2,0,16,68,30,0,0,0,0,0,30,0,0,30,1819,1746,73
PLST,MA,140,1400000US25025130402,25025130402,1,1,25,25,,130402,4833,3394,298,513,426,6,1,24,171,4023,2905,247,406,346,4,0,10,105,0,0,0,0,0,0,0,0,0,0,2243,2122,121
PLST,MA,140,1400000US25025130404,25025130404,1,1,25,25,,130404,3073,1829,381,445,304,2,1,22,89,2541,1588,294,333,244,2,1,20,59,179,159,0,0,159,0,20,0,0,20,1354,1266,88
PLST,MA,140,1400000US25025130406,25025130406,1,1,25,25,,130406,5639,1613,2030,1379,345,13,0,51,208,4137,1392,1366,910,284,13,0,38,134,70,63,0,0,63,0,7,0,0,7,2491,2411,80
PLST,MA,140,1400000US25025140102,25025140102,1,1,25,25,,140102,4958,1562,1984,998,139,5,2,54,214,3929,1375,1535,711,122,3,2,48,133,0,0,0,0,0,0,0,0,0,0,1832,1756,76
PLST,MA,140,1400000US25025140105,25025140105,1,1,25,25,,140105,3592,1131,1083,1149,77,4,0,24,124,2934,984,873,896,63,4,0,21,93,16,0,0,0,0,0,16,0,0,16,1344,1287,57
PLST,MA,140,1400000US25025140106,25025140106,1,1,25,25,,140106,2178,327,1000,663,72,3,1,18,94,1629,281,747,463,66,3,0,9,60,0,0,0,0,0,0,0,0,0,0,973,922,51
PLST,MA,140,1400000US25025140107,25025140107,1,1,25,25,,140107,2778,747,1032,746,57,10,1,18,167,2220,660,833,560,42,9,1,3,112,12,0,0,0,0,0,12,0,0,12,1102,1053,49
PLST,MA,140,1400000US25025140201,25025140201,1,1,25,25,,140201,2311,767,763,493,69,1,0,89,129,1826,657,578,375,55,0,0,71,90,8,0,0,0,0,0,8,0,0,8,950,910,40
PLST,MA,140,1400000US25025140202,25025140202,1,1,25,25,,140202,5824,2010,1921,1425,179,9,7,60,213,4603,1728,1517,1009,142,9,7,40,151,111,31,0,0,31,0,80,64,0,16,2204,2115,89
PLST,MA,140,1400000US25025140300,25025140300,1,1,25,25,,140300,6843,920,3681,1846,78,13,2,58,245,5515,811,2989,1403,71,12,2,42,185,52,36,0,0,36,0,16,0,0,16,2644,2517,127
PLST,MA,140,1400000US25025140400,25025140400,1,1,25,25,,140400,7859,493,5164,1660,124,14,1,60,343,6338,435,4260,1214,102,12,1,52,262,1,0,0,0,0,0,1,0,0,1,2971,2831,140
PLST,MA,140,1400000US25025980101,25025980101,1,1,25,25,,980101,0,0,0,0,0,0,0,0,0,0,0,0,0,0,0,0,0,0,0,0,0,0,0,0,0,0,0,0,0,0,0
PLST,MA,140,1400000US25025980300,25025980300,1,1,25,25,,980300,113,42,55,10,2,2,0,0,2,109,42,55,7,1,2,0,0,2,87,41,0,0,0,41,46,0,0,46,8,8,0
PLST,MA,140,1400000US25025980700,25025980700,1,1,25,25,,980700,7,2,0,2,0,0,0,0,3,4,1,0,1,0,0,0,0,2,1,0,0,0,0,0,1,0,0,1,2,2,0
PLST,MA,140,1400000US25025980900,25025980900,1,1,25,25,,980900,125,72,24,13,11,0,0,0,5,104,61,17,12,9,0,0,0,5,0,0,0,0,0,0,0,0,0,0,80,67,13
PLST,MA,140,1400000US25025981000,25025981000,1,1,25,25,,981000,11,2,1,6,0,1,0,0,1,2,1,0,1,0,0,0,0,0,0,0,0,0,0,0,0,0,0,0,4,4,0
PLST,MA,140,1400000US25025981100,25025981100,1,1,25,25,,981100,97,27,19,44,0,0,2,1,4,93,27,19,41,0,0,2,1,3,86,86,86,0,0,0,0,0,0,0,2,2,0
PLST,MA,140,1400000US25025981201,25025981201,1,1,25,25,,981201,0,0,0,0,0,0,0,0,0,0,0,0,0,0,0,0,0,0,0,0,0,0,0,0,0,0,0,0,0,0,0
PLST,MA,140,1400000US25025981202,25025981202,1,1,25,25,,981202,6,1,0,2,0,0,0,1,2,3,1,0,0,0,0,0,1,1,1,0,0,0,0,0,1,0,0,1,1,1,0
PLST,MA,140,1400000US25025981300,25025981300,1,1,25,25,,981300,79,54,4,9,4,0,0,0,8,66,53,1,2,4,0,0,0,6,5,0,0,0,0,0,5,0,0,5,35,30,5
PLST,MA,140,1400000US25025981501,25025981501,1,1,25,25,,981501,13,5,0,6,1,0,0,0,1,11,5,0,5,1,0,0,0,0,9,0,0,0,0,0,9,0,0,9,1,1,0
PLST,MA,140,1400000US25025981600,25025981600,1,1,25,25,,981600,2,0,0,1,0,0,0,0,1,1,0,0,0,0,0,0,0,1,0,0,0,0,0,0,0,0,0,0,1,1,0
PLST,MA,140,1400000US25025981700,25025981700,1,1,25,25,,981700,4,1,0,1,0,0,0,0,2,4,1,0,1,0,0,0,0,2,0,0,0,0,0,0,0,0,0,0,2,2,0
PLST,MA,140,1400000US25025981800,25025981800,1,1,25,25,,981800,23,15,2,2,0,0,0,0,4,19,15,2,0,0,0,0,0,2,8,0,0,0,0,0,8,0,0,8,10,4,6
PLST,MA,140,1400000US25025981900,25025981900,1,1,25,25,,981900,0,0,0,0,0,0,0,0,0,0,0,0,0,0,0,0,0,0,0,0,0,0,0,0,0,0,0,0,0,0,0
PLST,MA,140,1400000US25025990101,25025990101,1,1,25,25,,990101,0,0,0,0,0,0,0,0,0,0,0,0,0,0,0,0,0,0,0,0,0,0,0,0,0,0,0,0,0,0,0
