,B01003_001E,B28002_002E,B28002_013E,B28003_002E,B28003_006E,state,county,tract
0,1825,392,149,426,149,17,031,630200
1,5908,1242,231,1411,133,17,031,580700
2,3419,928,140,1068,104,17,031,590600
3,2835,917,138,1003,81,17,031,600700
4,1639,322,245,356,218,17,031,611900
5,3445,1326,153,1490,27,17,031,804505
6,6122,2080,351,2289,172,17,031,804701
7,2441,736,19,752,8,17,031,804706
8,5749,1801,147,1907,120,17,031,824005
9,4728,1460,68,1468,60,17,031,824006
10,7070,2139,110,2283,64,17,031,824113
11,5186,1799,74,1839,58,17,031,824114
12,4053,1207,156,1252,148,17,031,824115
13,5373,1844,219,2080,122,17,031,824116
14,9453,3251,111,3286,93,17,031,824117
15,5655,1940,124,1955,136,17,031,824119
16,8970,3142,236,3202,207,17,031,824120
17,3153,1093,103,1130,82,17,031,824121
18,6526,2231,94,2174,169,17,031,824122
19,7348,2505,296,2565,236,17,031,824123
20,4010,1302,204,1396,143,17,031,825303
21,4338,1486,82,1579,61,17,031,825304
22,4924,1300,283,1480,163,17,031,830007
23,4400,1228,154,1292,141,17,031,830008
24,3901,723,360,836,250,17,031,830500
25,4733,1607,330,1810,164,17,031,830600
26,3814,1341,311,1562,246,17,031,830700
27,2522,1289,59,1329,19,17,031,830800
28,2993,1188,44,1248,36,17,031,830900
29,2177,1006,29,1034,22,17,031,831000
30,8537,2198,492,2504,271,17,031,831100
31,5841,1755,68,1795,57,17,031,811900
32,2730,537,155,578,148,17,031,191000
33,4470,1378,81,1420,58,17,031,805600
34,7182,2104,504,2245,443,17,031,806004
35,5444,1548,103,1654,19,17,031,802002
36,6610,1800,179,1898,133,17,031,802504
37,4763,1483,332,1615,217,17,031,802702
38,4583,1463,147,1549,114,17,031,803008
39,5310,1869,206,2041,159,17,031,803200
40,5765,1837,380,1945,326,17,031,803500
41,7263,2477,17,2477,17,17,031,804102
42,6364,2224,245,2285,208,17,031,824505
43,3488,740,334,857,291,17,031,825900
44,2923,589,247,744,102,17,031,826000
45,5786,1766,299,1794,297,17,031,826100
46,2848,903,265,1050,185,17,031,826304
47,3517,1593,32,1584,71,17,031,242300
48,4520,1742,344,2129,70,17,031,760801
49,2302,649,188,763,108,17,031,490300
50,2777,728,174,831,100,17,031,490700
51,3136,1227,224,1347,170,17,031,500100
52,4515,1041,259,1059,241,17,031,520400
53,5076,1262,208,1332,149,17,031,820902
54,4787,1369,278,1401,246,17,031,821001
55,5404,1493,219,1586,198,17,031,821002
56,3965,1075,126,1143,109,17,031,822200
57,4366,1341,233,1428,173,17,031,822500
58,3147,1110,317,1259,243,17,031,822801
59,4847,1543,230,1588,245,17,031,823200
60,2313,345,171,475,88,17,031,823603
61,4509,1366,255,1438,194,17,031,823705
62,6847,2225,390,2296,372,17,031,824107
63,4778,867,591,1147,373,17,031,824300
64,3511,1162,187,1197,152,17,031,825504
65,2327,949,5,949,5,17,031,222200
66,6373,1847,514,2082,279,17,031,811600
67,5130,1330,194,1386,189,17,031,811800
68,8066,1830,327,2017,374,17,031,814400
69,5111,1711,160,1772,131,17,031,815702
70,1626,493,41,536,41,17,031,815800
71,5792,2051,334,2283,198,17,031,816100
72,4915,1320,227,1454,148,17,031,816300
73,4977,1357,269,1568,133,17,031,817000
74,5413,1890,327,2035,296,17,031,818500
75,3769,1215,125,1292,96,17,031,818700
76,3836,1000,212,1140,176,17,031,200100
77,2535,901,108,987,48,17,031,160900
78,1943,482,150,520,131,17,031,170900
79,2068,795,73,833,46,17,031,220300
80,883,200,92,213,83,17,031,630100
81,5434,1357,431,1630,271,17,031,661000
82,930,211,198,252,157,17,031,670200
83,5213,1611,333,1774,214,17,031,010400
84,1894,694,345,793,278,17,031,380100
85,1367,203,129,327,56,17,031,671800
86,2811,579,460,716,334,17,031,691100
87,4014,1185,348,1280,253,17,031,530300
88,5381,1658,173,1737,142,17,031,560900
89,2512,586,119,620,85,17,031,580300
90,2650,590,270,618,280,17,031,611300
91,1589,346,163,421,131,17,031,611600
92,7810,1589,370,1752,278,17,031,620300
93,4393,865,322,1016,223,17,031,620400
94,4158,1349,137,1365,129,17,031,120100
95,3194,1016,110,1030,96,17,031,140100
96,4704,989,324,1215,248,17,031,831200
97,995,297,67,340,40,17,031,831300
98,3026,706,223,871,147,17,031,831400
99,3656,874,316,1100,132,17,031,831500
100,8039,1534,637,1858,467,17,031,831600
101,2459,702,62,741,31,17,031,831700
102,6493,1809,271,1998,219,17,031,831800
103,3228,1380,17,1391,17,17,031,831900
104,1621,768,6,790,0,17,031,832000
105,3602,1611,150,1774,69,17,031,832100
106,3180,1359,86,1404,86,17,031,832200
107,1938,851,24,875,6,17,031,832300
108,3129,1120,140,1134,161,17,031,832400
109,3390,1215,163,1224,163,17,031,832500
110,4158,1249,190,1297,153,17,031,825700
111,6238,1853,469,1948,502,17,031,825803
112,4291,1191,114,1233,72,17,031,826303
113,2549,530,288,649,245,17,031,827300
114,4152,1171,164,1243,162,17,031,828503
115,3559,990,142,1014,159,17,031,640400
116,5804,997,327,1219,262,17,031,660400
117,4867,1127,350,1335,315,17,031,660800
118,2012,420,233,456,209,17,031,671300
119,6585,2100,140,2272,74,17,031,825302
120,6031,1506,429,1728,277,17,031,826500
121,5113,1561,492,1759,319,17,031,826700
122,2452,800,176,894,96,17,031,827100
123,4947,1532,322,1615,267,17,031,828000
124,4512,1524,244,1638,176,17,031,828202
125,3871,820,449,954,340,17,031,829302
126,6646,1776,124,1848,117,17,031,804406
127,5133,1675,90,1720,85,17,031,804506
128,11526,3707,552,3919,340,17,031,804507
129,2399,637,105,715,32,17,031,804508
130,6201,1450,147,1525,78,17,031,804509
131,6287,1106,288,1364,62,17,031,804510
132,2483,562,145,699,25,17,031,804511
133,3429,1264,157,1320,121,17,031,804608
134,5695,2178,17,2253,32,17,031,804609
135,2305,976,138,1004,120,17,031,804610
136,4418,1662,121,1756,75,17,031,804611
137,5873,1982,82,2027,37,17,031,804713
138,3169,1146,42,1191,33,17,031,804714
139,3178,983,80,1006,65,17,031,804715
140,4675,1489,31,1534,38,17,031,804716
141,4849,1640,159,1686,162,17,031,806103
142,4202,1353,330,1485,229,17,031,806104
143,4845,1921,310,2144,197,17,031,806201
144,4838,1966,429,2158,386,17,031,806202
145,4153,2008,287,2131,230,17,031,812301
146,2790,822,78,874,58,17,031,812302
147,3367,1555,144,1697,104,17,031,812801
148,2538,1095,156,1231,77,17,031,812802
149,3229,570,196,660,191,17,031,813301
150,3057,546,233,709,178,17,031,813302
151,3710,645,230,842,149,17,031,813701
152,3900,781,207,936,149,17,031,813702
153,2717,554,128,613,130,17,031,813801
154,4973,1058,251,1096,263,17,031,813802
155,5880,1662,206,1694,193,17,031,820603
156,3933,1102,312,1183,266,17,031,820604
157,4625,1440,311,1626,210,17,031,820605
158,3846,1231,179,1318,168,17,031,820606
159,2916,1113,203,1179,207,17,031,823805
160,3766,1262,229,1492,110,17,031,823806
161,6124,1908,130,1964,142,17,031,824003
162,5462,1622,286,1774,270,17,031,824004
163,3918,1674,0,1685,9,17,031,832600
164,5137,1467,253,1560,166,17,031,020302
165,4765,1192,146,1302,92,17,031,020602
166,1844,636,41,653,24,17,031,020701
167,5384,1574,472,1689,404,17,031,020301
168,6525,1247,390,1860,99,17,031,020601
169,8226,1961,365,2149,247,17,031,020702
170,6175,1762,307,2033,180,17,031,020801
171,7916,1974,247,2240,75,17,031,020802
172,6155,1560,288,1792,158,17,031,020901
173,4848,1237,354,1440,209,17,031,020902
174,5124,1596,324,1808,211,17,031,815400
175,4704,943,210,1104,127,17,031,816600
176,4757,1313,365,1393,331,17,031,817101
177,4275,1044,398,1354,183,17,031,817200
178,4052,828,259,1069,137,17,031,817400
179,3298,1046,37,1055,37,17,031,819900
180,5875,1563,315,1884,146,17,031,820501
181,5949,1575,320,1619,366,17,031,822400
182,3488,977,252,1063,190,17,031,822802
183,4495,1361,211,1492,175,17,031,823303
184,3676,1210,136,1254,101,17,031,823604
185,1735,626,178,693,122,17,031,420500
186,2765,776,347,927,218,17,031,430400
187,2168,550,171,627,123,17,031,430600
188,2333,614,231,781,106,17,031,440900
189,3523,1051,185,1071,184,17,031,460100
190,2939,960,153,1000,123,17,031,480500
191,3194,1073,27,1096,27,17,031,283100
192,4841,1008,318,1048,278,17,031,300700
193,3960,579,465,765,378,17,031,300800
194,981,204,184,247,168,17,031,340600
195,1875,499,170,537,181,17,031,340300
196,3269,1871,305,2058,157,17,031,351000
197,5065,1077,236,1170,164,17,031,814300
198,4930,2286,535,2470,381,17,031,815900
199,5225,306,57,342,21,17,031,808702
200,5626,1482,450,1714,366,17,031,660600
201,1001,224,156,305,93,17,031,670100
202,1015,236,230,315,205,17,031,670800
203,754,150,109,171,95,17,031,671100
204,1019,150,169,206,113,17,031,671200
205,1147,202,272,250,224,17,031,671400
206,3264,886,436,1027,331,17,031,490901
207,4204,1203,560,1364,447,17,031,490902
208,1456,396,123,431,106,17,031,530502
209,1692,450,71,454,67,17,031,222500
210,1012,313,43,308,56,17,031,222800
211,5313,1553,268,1712,136,17,031,807200
212,3358,1020,58,1012,66,17,031,807500
213,2903,1080,115,1208,78,17,031,750200
214,7012,2465,102,2496,71,17,031,804308
215,3086,849,94,863,80,17,031,804309
216,8918,2841,241,2994,151,17,031,804310
217,2841,1631,53,1809,55,17,031,030102
218,2553,738,366,884,229,17,031,760802
219,5788,2190,488,2299,509,17,031,760803
220,6075,2337,439,2397,464,17,031,770201
221,4749,1855,291,1976,182,17,031,770202
222,3234,1004,51,1043,12,17,031,770601
223,5198,1087,385,1439,152,17,031,770602
224,4948,1355,499,1606,339,17,031,770901
225,3309,905,406,1064,289,17,031,770902
226,2581,808,47,826,39,17,031,802003
227,5029,1817,323,1898,242,17,031,802004
228,6148,1996,344,2094,319,17,031,823702
229,4792,1614,274,1741,208,17,031,825000
230,3270,1292,501,1433,403,17,031,826201
231,3864,1169,155,1340,67,17,031,826301
232,2281,435,360,599,272,17,031,671500
233,1643,409,245,466,201,17,031,671600
234,3533,734,310,913,160,17,031,672000
235,1340,741,86,747,80,17,031,802403
236,7463,2248,449,2626,130,17,031,802404
237,6579,1868,485,2255,156,17,031,802505
238,2476,671,87,713,45,17,031,802506
239,1253,407,22,425,13,17,031,802607
240,6383,2682,270,2769,198,17,031,802608
241,6299,1862,362,2173,141,17,031,802609
242,1655,565,50,577,53,17,031,802610
243,2050,810,74,846,53,17,031,803012
244,5423,1920,151,1977,173,17,031,803013
245,3560,1260,94,1314,71,17,031,803014
246,4402,1733,135,1752,127,17,031,803015
247,2616,886,41,891,36,17,031,803016
248,6051,2452,186,2546,92,17,031,803017
249,5784,1853,178,1952,79,17,031,803611
250,3517,966,216,1213,46,17,031,803612
251,2766,1176,196,1272,114,17,031,803701
252,2058,340,54,354,47,17,031,838200
253,1710,679,70,715,61,17,031,838300
254,1728,282,237,406,211,17,031,838600
255,2589,832,349,936,267,17,031,838000
256,6252,1171,521,1538,246,17,031,230700
257,1633,667,118,695,114,17,031,240200
258,5480,2076,310,2283,255,17,031,241400
259,2729,1227,86,1261,61,17,031,242400
260,3477,1330,159,1392,144,17,031,242500
261,5293,2081,420,2216,327,17,031,242600
262,1682,578,140,631,118,17,031,242700
263,2274,806,92,840,70,17,031,243100
264,2457,1095,45,1103,45,17,031,243300
265,5122,981,449,1276,272,17,031,250300
266,4342,809,543,944,458,17,031,251500
267,4653,1056,586,1390,428,17,031,251900
268,4735,1241,211,1256,205,17,031,821101
269,3137,900,289,1007,235,17,031,820202
270,5617,1295,288,1526,163,17,031,820300
271,4394,1153,146,1226,120,17,031,821102
272,5470,1343,534,1569,381,17,031,821300
273,1538,326,129,382,142,17,031,260500
274,6246,2410,387,2708,149,17,031,805107
275,2443,501,234,608,170,17,031,690300
276,1968,496,259,589,186,17,031,691500
277,1250,161,293,381,152,17,031,710100
278,3381,1048,50,1142,42,17,031,720100
279,3791,1461,175,1577,59,17,031,720200
280,1935,617,37,660,12,17,031,720400
281,3078,1133,99,1239,48,17,031,720700
282,5978,1869,401,1934,371,17,031,140400
283,6373,2103,381,2322,267,17,031,140800
284,7753,2482,422,2690,214,17,031,150200
285,5811,1922,403,2164,177,17,031,160700
286,2171,684,104,777,36,17,031,161000
287,5338,1257,322,1578,191,17,031,170300
288,5519,1764,196,1826,176,17,031,170500
289,6877,2151,301,2350,102,17,031,171000
290,3291,1349,308,1560,192,17,031,812600
291,4051,1324,78,1370,60,17,031,813000
292,7032,1719,155,1865,103,17,031,814200
293,3870,911,230,1040,155,17,031,811701
294,4219,1134,426,1431,183,17,031,816200
295,6493,1221,292,1371,225,17,031,813900
296,5722,1363,314,1484,206,17,031,814600
297,6718,2017,121,2081,135,17,031,815200
298,6465,1817,505,2073,408,17,031,550100
299,1644,443,142,526,87,17,031,560200
300,1807,373,83,399,63,17,031,560400
301,4814,1452,164,1566,87,17,031,150800
302,5335,1484,211,1595,162,17,031,151100
303,2537,813,151,861,127,17,031,160100
304,4734,1530,200,1738,97,17,031,160400
305,4013,993,257,1040,219,17,031,171100
306,5518,1236,413,1564,224,17,031,190300
307,7141,2465,330,2580,233,17,031,803608
308,4545,1728,185,1753,176,17,031,804000
309,5771,1579,104,1647,67,17,031,804306
310,6137,2520,181,2573,128,17,031,804603
311,5225,1739,35,1772,35,17,031,804712
312,3930,943,101,980,81,17,031,804806
313,5397,1668,74,1725,31,17,031,804807
314,4165,1381,92,1406,76,17,031,804809
315,5543,1556,57,1622,28,17,031,819801
316,5282,1272,377,1350,361,17,031,820502
317,5452,1379,422,1518,352,17,031,820901
318,4272,1336,242,1507,190,17,031,822000
319,4731,1504,174,1532,156,17,031,822601
320,3674,1089,296,1214,235,17,031,822702
321,1968,440,271,570,187,17,031,824400
322,6490,2098,293,2266,138,17,031,824602
323,6522,1972,265,2024,213,17,031,825802
324,3479,976,208,1021,163,17,031,827600
325,2934,832,191,902,137,17,031,827805
326,4167,1306,149,1488,93,17,031,828201
327,3110,878,110,931,94,17,031,809600
328,5481,1908,165,1906,167,17,031,810400
329,8211,2518,180,2559,180,17,031,804311
330,6696,2166,283,2311,138,17,031,804403
331,5834,1457,124,1528,61,17,031,804404
332,3507,831,217,1030,53,17,031,804405
333,6139,1760,302,1828,258,17,031,805902
334,3739,1179,218,1266,138,17,031,806102
335,5056,1894,193,1934,170,17,031,806900
336,4289,1243,142,1279,114,17,031,808400
337,4169,993,269,1152,224,17,031,827200
338,3626,979,55,963,103,17,031,827802
339,6343,1575,291,1736,152,17,031,828504
340,5610,1659,166,1734,99,17,031,828801
341,5541,1306,497,1408,493,17,031,829200
342,4127,1199,192,1252,159,17,031,829301
343,1949,566,90,604,82,17,031,340400
344,1477,536,116,630,75,17,031,360200
345,6951,1380,478,1568,363,17,031,190800
346,4053,686,260,918,104,17,031,191200
347,4102,1252,214,1365,138,17,031,210100
348,2747,983,108,1020,77,17,031,220400
349,1370,482,84,529,86,17,031,240800
350,2182,986,57,1009,41,17,031,243000
351,2621,565,196,629,178,17,031,250800
352,1182,298,59,323,47,17,031,251700
353,3421,1213,27,1236,37,17,031,818401
354,4209,933,285,1098,198,17,031,816500
355,1894,671,235,801,126,17,031,420600
356,1820,454,200,585,151,17,031,440800
357,2468,622,207,650,197,17,031,460200
358,5446,1752,410,1768,409,17,031,480400
359,3178,809,164,904,96,17,031,520200
360,2852,612,210,693,132,17,031,520600
361,3308,790,169,868,124,17,031,560300
362,5858,1513,449,1791,331,17,031,560800
363,3288,638,120,750,139,17,031,580200
364,1614,614,436,799,279,17,031,838100
365,3934,847,483,1079,399,17,031,838700
366,3300,765,348,827,301,17,031,838800
367,9209,4444,58,5002,35,17,031,839000
368,7545,3548,74,3780,0,17,031,839100
369,2405,1197,218,1246,179,17,031,839200
370,1461,474,214,512,212,17,031,839500
371,1653,504,244,568,205,17,031,839600
372,4913,1500,313,1585,277,17,031,839700
373,2738,969,169,974,185,17,031,839800
374,4452,1602,154,1678,140,17,031,839900
375,2794,921,55,940,36,17,031,840000
376,4223,949,283,990,278,17,031,300900
377,4417,817,332,988,187,17,031,301200
378,4720,2114,83,2246,83,17,031,031100
379,2736,1062,61,1072,63,17,031,050100
380,1742,619,25,633,25,17,031,050700
381,3722,1701,147,1786,115,17,031,062100
382,4785,1070,125,1088,122,17,031,620100
383,6781,1415,213,1476,238,17,031,630800
384,3385,882,71,932,84,17,031,640700
385,4389,930,279,1077,179,17,031,650100
386,922,192,141,222,128,17,031,670500
387,1125,177,97,235,55,17,031,671900
388,2407,511,230,720,113,17,031,681400
389,4273,879,645,1323,301,17,031,690900
390,3160,965,253,1181,140,17,031,691400
391,4336,1020,482,1311,276,17,031,710500
392,2351,576,233,679,210,17,031,711100
393,4949,1075,458,1538,393,17,031,711200
394,2444,601,116,691,61,17,031,730700
395,4503,1435,264,1630,119,17,031,770400
396,5513,2054,213,2034,256,17,031,802300
397,6911,2046,171,2151,98,17,031,802701
398,6578,1989,260,2028,249,17,031,802802
399,4119,1868,93,1986,14,17,031,809500
400,3857,732,387,906,335,17,031,290900
401,1286,474,64,492,58,17,031,310400
402,4555,1698,304,1868,244,17,031,310600
403,1280,324,68,350,55,17,031,570100
404,2261,416,119,473,93,17,031,580800
405,823,176,79,155,114,17,031,611000
406,3990,1194,219,1306,139,17,031,826401
407,1822,446,136,522,120,17,031,826901
408,3995,1177,207,1274,110,17,031,827000
409,3203,1216,203,1261,179,17,031,828300
410,4949,1576,165,1646,122,17,031,740300
411,2403,730,165,735,211,17,031,530600
412,7239,2451,43,2449,45,17,031,804607
413,6003,1832,362,2009,319,17,031,804709
414,4918,1642,180,1723,108,17,031,805001
415,4462,1577,294,1781,177,17,031,805110
416,3963,1117,79,1130,82,17,031,805201
417,4376,1395,207,1504,139,17,031,805202
418,3563,993,88,1090,29,17,031,830202
419,3799,1407,272,1510,204,17,031,828402
420,4026,1383,133,1417,126,17,031,828601
421,7940,2612,182,2733,140,17,031,830003
422,3399,1012,40,1024,40,17,031,830100
423,4473,1789,503,2003,311,17,031,830300
424,6655,1992,421,2080,349,17,031,640300
425,4619,1193,262,1268,246,17,031,650500
426,1689,353,158,370,158,17,031,670400
427,3302,915,737,1174,621,17,031,680900
428,2595,506,207,683,180,17,031,681100
429,2418,379,349,613,156,17,031,681300
430,2939,913,359,1097,245,17,031,690400
431,6521,1342,360,1683,228,17,031,700200
432,2503,566,174,684,125,17,031,711500
433,3758,992,168,1038,146,17,031,730600
434,6640,1765,140,1803,134,17,031,740200
435,3743,967,352,1249,165,17,031,750100
436,4210,1253,239,1376,132,17,031,823605
437,6510,2059,251,2071,253,17,031,823803
438,6897,2514,629,2581,580,17,031,824506
439,2082,753,60,753,60,17,031,832900
440,4480,2068,241,2329,169,17,031,833000
441,7436,3490,138,3745,105,17,031,833100
442,2728,865,75,965,45,17,031,833300
443,4573,1279,210,1311,198,17,031,819000
444,2694,708,215,901,126,17,031,819300
445,5643,1223,372,1427,210,17,031,820400
446,3882,992,169,1025,136,17,031,820800
447,1931,691,359,747,322,17,031,170100
448,3295,841,276,953,179,17,031,170700
449,2453,553,230,647,160,17,031,190100
450,2503,1151,78,1170,66,17,031,220500
451,2564,710,112,730,131,17,031,222700
452,6504,805,913,1396,538,17,031,231200
453,5586,1355,390,1438,465,17,031,231500
454,2425,1233,43,1295,0,17,031,240500
455,981,332,133,360,130,17,031,240900
456,3670,1619,71,1682,51,17,031,242200
457,3601,1733,0,1891,0,17,031,243500
458,7242,2372,344,2535,223,17,031,250500
459,1022,239,107,256,99,17,031,251000
460,2235,467,201,504,184,17,031,190900
461,1919,447,68,472,57,17,031,200300
462,5514,1841,218,1933,158,17,031,110100
463,3095,992,193,1022,163,17,031,110200
464,4386,1390,329,1624,131,17,031,810600
465,6375,1972,443,2284,226,17,031,810900
466,4510,1230,195,1395,66,17,031,811301
467,4154,764,350,1021,179,17,031,811302
468,4721,1543,23,1556,10,17,031,812100
469,6434,1392,215,1514,308,17,031,813500
470,5422,1097,255,1231,234,17,031,813600
471,2847,991,191,1083,128,17,031,829600
472,4247,1232,276,1328,195,17,031,829700
473,6220,2306,136,2369,120,17,031,829800
474,4335,1373,134,1464,75,17,031,830400
475,4779,1615,20,1633,20,17,031,800700
476,6302,2213,101,2349,29,17,031,802503
477,3890,1179,43,1222,8,17,031,801701
478,3474,1099,47,1099,47,17,031,801902
479,2080,669,23,684,16,17,031,808600
480,1491,425,66,448,48,17,031,310500
481,5215,1356,293,1481,207,17,031,310900
482,1520,472,208,496,187,17,031,843800
483,3430,1451,449,1539,396,17,031,843900
484,0,0,0,0,0,17,031,980100
485,0,0,0,0,0,17,031,980000
486,0,0,0,0,0,17,031,990000
487,5228,1669,420,1757,362,17,031,807700
488,2582,976,535,1275,274,17,031,390400
489,1548,553,211,633,138,17,031,420100
490,1142,471,205,529,167,17,031,420400
491,2696,985,104,1017,100,17,031,431200
492,5889,1965,470,2017,433,17,031,460500
493,1146,386,116,418,92,17,031,480200
494,2041,609,95,680,42,17,031,490500
495,1464,387,122,456,91,17,031,490600
496,4006,1178,254,1356,96,17,031,490800
497,2106,625,165,774,58,17,031,500200
498,2650,611,166,682,136,17,031,833900
499,3104,820,319,960,208,17,031,834000
500,4914,1194,456,1576,210,17,031,834200
501,5980,1793,717,1919,688,17,031,834300
502,4437,1394,292,1469,224,17,031,834400
503,1105,380,70,423,46,17,031,834500
504,1681,484,309,621,210,17,031,834600
505,1258,346,161,395,123,17,031,834700
506,1589,382,259,570,144,17,031,834800
507,1443,265,385,372,305,17,031,834900
508,5585,1238,608,1465,525,17,031,835000
509,5047,886,268,1089,191,17,031,835100
510,1993,522,113,553,113,17,031,835200
511,1434,409,218,505,193,17,031,835500
512,896,257,173,278,152,17,031,835600
513,434,114,15,129,0,17,031,835700
514,1744,603,45,651,5,17,031,835800
515,3112,948,554,1004,527,17,031,835900
516,2824,871,89,913,63,17,031,836000
517,4421,1194,233,1244,214,17,031,310800
518,3599,1468,315,1671,199,17,031,330200
519,1591,558,281,567,284,17,031,340500
520,731,281,56,314,30,17,031,351500
521,2980,1129,311,1303,237,17,031,390300
522,3150,614,16,687,0,17,031,320400
523,6775,1588,363,1882,212,17,031,020500
524,1889,892,65,955,23,17,031,031800
525,2526,871,91,908,58,17,031,750300
526,3096,1036,128,1080,121,17,031,750400
527,4030,569,484,898,155,17,031,770500
528,3637,1203,0,1195,8,17,031,800400
529,5204,1913,130,1973,81,17,031,801607
530,2242,713,79,858,27,17,031,030103
531,3911,1635,199,1826,209,17,031,030101
532,3411,782,132,981,69,17,031,030104
533,3353,1271,315,1370,331,17,031,030601
534,2410,1037,203,1307,163,17,031,030603
535,3763,1834,265,2083,279,17,031,030604
536,1625,718,102,854,52,17,031,030701
537,2211,1253,92,1353,120,17,031,030702
538,2947,1358,372,1557,251,17,031,030703
539,2845,1439,425,1644,323,17,031,030706
540,6814,2643,200,2791,203,17,031,040201
541,7634,2162,558,2591,372,17,031,040202
542,3250,1240,27,1264,3,17,031,040401
543,3492,1911,182,2137,97,17,031,061901
544,4759,2540,230,2647,194,17,031,061902
545,4474,1409,407,1651,265,17,031,031501
546,4628,1561,630,2032,343,17,031,031502
547,5154,2512,39,2512,39,17,031,040402
548,3885,2197,127,2373,143,17,031,070101
549,2735,1550,212,1733,132,17,031,063301
550,1243,709,130,775,130,17,031,063303
551,3967,2440,63,2700,36,17,031,063302
552,6962,1817,259,1989,216,17,031,807400
553,6228,1722,264,1864,152,17,031,807600
554,4093,1216,182,1236,170,17,031,807900
555,3693,1068,169,1113,131,17,031,808001
556,3686,1095,427,1120,416,17,031,808100
557,4958,1676,217,1801,132,17,031,818600
558,5656,1778,69,1763,91,17,031,819700
559,2586,865,62,869,62,17,031,819802
560,4286,1346,74,1422,43,17,031,820103
561,6679,1849,329,2012,239,17,031,820700
562,4524,1524,418,1749,235,17,031,822701
563,6496,1818,540,1979,532,17,031,823001
564,5981,1800,358,1916,295,17,031,823002
565,4380,1364,238,1438,192,17,031,823101
566,5787,1829,481,2143,298,17,031,823302
567,8642,2272,506,2662,425,17,031,823703
568,3922,1173,68,1167,74,17,031,823704
569,2452,622,337,768,265,17,031,400800
570,2898,1318,304,1494,237,17,031,410800
571,2768,585,69,657,60,17,031,420300
572,4863,1510,822,1647,728,17,031,430200
573,3481,1055,528,1295,314,17,031,430500
574,6924,2566,793,2679,736,17,031,431400
575,1469,412,119,479,85,17,031,440700
576,2006,477,375,557,331,17,031,470100
577,2175,767,166,827,127,17,031,480100
578,4256,1050,279,1240,148,17,031,491100
579,2327,430,150,497,116,17,031,491300
580,3325,774,256,827,203,17,031,510100
581,2001,381,131,450,69,17,031,520100
582,2263,439,247,621,129,17,031,530100
583,4390,955,297,1189,183,17,031,530200
584,1501,213,129,228,128,17,031,560100
585,2698,699,138,756,104,17,031,580100
586,5179,1224,257,1271,210,17,031,580600
587,1865,561,71,623,28,17,031,590500
588,4188,1245,255,1278,335,17,031,600400
589,5186,926,394,1158,214,17,031,816401
590,5277,1402,460,1567,366,17,031,816800
591,6042,1387,341,1599,157,17,031,816900
592,2418,702,230,782,158,17,031,351100
593,1556,612,427,848,301,17,031,380200
594,1129,434,83,473,49,17,031,381900
595,1288,319,347,374,345,17,031,461000
596,1109,408,124,442,113,17,031,480300
597,1829,631,93,696,28,17,031,051000
598,2073,802,64,842,34,17,031,051400
599,5037,2932,186,3029,159,17,031,060800
600,2442,934,21,959,21,17,031,062600
601,4634,987,19,994,19,17,031,071000
602,3509,1101,323,1192,232,17,031,090100
603,4063,1114,301,1211,214,17,031,150600
604,4507,1125,132,1223,90,17,031,815100
605,2329,724,121,761,87,17,031,818100
606,2038,664,81,690,65,17,031,161100
607,3121,788,164,906,80,17,031,161200
608,3754,1031,139,1129,84,17,031,170200
609,2771,856,124,934,79,17,031,221000
610,2258,471,124,570,95,17,031,230200
611,3327,729,323,931,225,17,031,230500
612,1820,629,113,657,98,17,031,241200
613,1621,556,57,582,37,17,031,242800
614,2139,841,28,867,12,17,031,243200
615,1668,372,179,399,167,17,031,260300
616,1174,247,146,349,58,17,031,260400
617,2276,563,123,620,95,17,031,261000
618,1271,315,214,371,171,17,031,270500
619,1527,325,115,420,79,17,031,271500
620,7106,3341,408,3602,441,17,031,032100
621,4139,1526,76,1573,75,17,031,040100
622,2483,885,180,996,69,17,031,050300
623,1546,557,23,576,4,17,031,051200
624,1415,664,12,706,0,17,031,061800
625,1595,710,8,718,0,17,031,062300
626,3151,1145,363,1206,340,17,031,070400
627,3296,1198,36,1198,36,17,031,070600
628,4308,1804,51,1920,31,17,031,071300
629,4911,2673,134,2783,93,17,031,080300
630,4040,2497,25,2603,40,17,031,081600
631,10298,6100,0,6226,58,17,031,081800
632,1026,371,54,440,16,17,031,081900
633,2918,1759,135,1859,73,17,031,070102
634,5530,1808,217,2021,185,17,031,823801
635,6686,2244,131,2289,102,17,031,824105
636,7047,2587,248,2665,200,17,031,824503
637,2084,574,165,688,104,17,031,400400
638,2377,654,145,722,130,17,031,420800
639,3712,1320,134,1391,106,17,031,805501
640,4799,1745,82,1842,19,17,031,805802
641,13568,6534,196,7923,305,17,031,320100
642,20087,11212,377,11646,371,17,031,330100
643,6485,2620,418,2883,208,17,031,010300
644,1402,537,45,574,15,17,031,050800
645,1414,502,28,524,6,17,031,050900
646,1732,622,12,634,0,17,031,051100
647,1636,1112,68,1150,80,17,031,070103
648,3160,1900,172,2075,133,17,031,080201
649,3339,2104,83,2234,47,17,031,080202
650,4711,2639,121,2933,50,17,031,081201
651,2928,1583,43,1681,22,17,031,081202
652,2224,1316,77,1380,57,17,031,081401
653,5651,2971,51,3290,111,17,031,081402
654,8450,4902,35,5445,0,17,031,081403
655,5323,1552,160,1672,108,17,031,110501
656,3574,1302,203,1389,133,17,031,110502
657,2839,579,165,723,89,17,031,140301
658,4189,1032,147,1188,104,17,031,140302
659,5003,1308,281,1462,214,17,031,140602
660,4891,1233,272,1287,250,17,031,580400
661,3276,929,71,928,72,17,031,590700
662,1951,499,52,541,53,17,031,610400
663,1611,453,103,479,93,17,031,610800
664,1347,313,127,339,108,17,031,612000
665,1022,184,136,213,138,17,031,612100
666,3902,1155,252,1294,219,17,031,640500
667,4399,1334,102,1342,102,17,031,800900
668,3539,904,246,968,191,17,031,822301
669,7086,1994,450,2422,335,17,031,822602
670,3508,969,133,1013,105,17,031,840100
671,2419,724,100,760,71,17,031,840200
672,3511,1062,143,1115,90,17,031,840300
673,3106,898,226,950,197,17,031,840400
674,3592,692,290,773,312,17,031,840700
675,3151,624,192,661,177,17,031,840800
676,1043,524,57,545,50,17,031,841000
677,7142,1858,763,2109,617,17,031,841100
678,4586,1317,241,1510,126,17,031,841200
679,4122,1207,265,1400,169,17,031,841300
680,897,274,117,344,86,17,031,841400
681,2689,529,174,694,174,17,031,841500
682,579,189,54,195,48,17,031,841600
683,1651,277,301,429,220,17,031,841700
684,2428,643,271,768,169,17,031,841800
685,6539,1571,20,1597,36,17,031,841900
686,3164,340,16,347,15,17,031,842000
687,7865,1718,333,1862,314,17,031,842100
688,3362,1718,249,1905,170,17,031,842200
689,3199,1372,23,1486,7,17,031,842300
690,3082,1062,183,1113,132,17,031,842400
691,2052,413,420,554,314,17,031,842500
692,4313,1186,240,1265,184,17,031,842600
693,7068,1381,560,1573,425,17,031,842800
694,2556,636,505,794,387,17,031,842900
695,2457,525,350,720,197,17,031,843000
696,1575,285,154,359,106,17,031,843100
697,2375,768,106,805,119,17,031,843200
698,1877,282,116,321,98,17,031,843300
699,1310,227,243,327,185,17,031,843400
700,10169,205,51,212,73,17,031,843500
701,2898,1093,266,1224,180,17,031,843600
702,2527,844,121,914,78,17,031,843700
703,4349,1838,84,1916,20,17,031,810100
704,4429,1300,114,1374,85,17,031,810301
705,4490,1229,321,1463,140,17,031,811401
706,2215,633,17,647,9,17,031,820000
707,2330,776,44,837,11,17,031,411100
708,1713,502,105,532,87,17,031,420200
709,2844,788,115,838,89,17,031,827700
710,4381,1393,217,1569,136,17,031,827902
711,5292,1729,211,1828,112,17,031,828100
712,4546,1425,45,1430,40,17,031,828602
713,4122,1164,179,1331,65,17,031,824701
714,2200,646,41,677,31,17,031,825200
715,3377,1014,243,1173,164,17,031,825801
716,1571,588,50,623,32,17,031,130200
717,2475,776,230,906,128,17,031,803005
718,5633,2148,316,2468,149,17,031,803300
719,7266,2544,102,2526,120,17,031,803605
720,730,157,58,172,60,17,031,271800
721,786,199,157,272,84,17,031,280800
722,890,243,94,298,50,17,031,280900
723,6221,3390,151,3622,37,17,031,281900
724,2124,476,190,632,131,17,031,291200
725,3374,1042,165,1195,43,17,031,803902
726,4790,1611,68,1667,45,17,031,804104
727,3875,1258,21,1258,21,17,031,804105
728,7278,2540,52,2552,67,17,031,804202
729,6481,2266,101,2291,76,17,031,804805
730,1691,704,60,748,28,17,031,040800
731,1005,274,46,282,46,17,031,222900
732,5702,2138,331,2402,208,17,031,030200
733,1368,617,0,622,0,17,031,061100
734,1622,556,72,614,46,17,031,283200
735,4817,1497,450,1636,364,17,031,510300
736,5902,1473,266,1512,242,17,031,520300
737,5921,1628,264,1845,163,17,031,814800
738,6502,1830,250,2059,140,17,031,814900
739,3335,1094,100,1133,84,17,031,815300
740,4979,1625,293,1663,269,17,031,815600
741,6014,1383,270,1635,111,17,031,818300
742,6391,1798,179,1871,179,17,031,819200
743,5916,1165,292,1350,304,17,031,570300
744,3210,631,305,651,313,17,031,611500
745,2012,416,157,437,161,17,031,611700
746,2138,539,143,592,106,17,031,620200
747,5167,906,338,1008,313,17,031,630900
748,7098,1513,450,1652,462,17,031,650200
749,1477,294,285,367,243,17,031,660700
750,4593,975,278,1165,220,17,031,660900
751,1235,284,153,308,149,17,031,680500
752,1171,249,98,269,93,17,031,680600
753,1544,310,181,395,118,17,031,710300
754,1909,694,46,725,25,17,031,720500
755,1768,517,70,570,47,17,031,720600
756,2703,688,183,755,133,17,031,730100
757,3578,1209,44,1254,36,17,031,801200
758,3138,1030,61,1038,53,17,031,801400
759,4602,1586,41,1586,41,17,031,801702
760,4769,1670,138,1730,107,17,031,802200
761,6916,2504,233,2602,176,17,031,802605
762,6364,2133,134,2132,149,17,031,803400
763,6924,2285,73,2342,16,17,031,803603
764,7195,2979,184,3063,120,17,031,803610
765,8743,2481,324,2652,183,17,031,804201
766,5159,1769,123,1890,65,17,031,801000
767,4694,1293,525,1345,600,17,031,710800
768,4141,964,324,1229,110,17,031,730400
769,5376,1358,469,1642,336,17,031,750500
770,2304,793,34,804,29,17,031,800100
771,4310,1517,124,1541,104,17,031,801300
772,4449,1638,106,1656,133,17,031,801601
773,6082,2241,312,2366,202,17,031,801606
774,3687,1648,236,1695,217,17,031,803901
775,2916,599,235,702,148,17,031,300500
776,7354,2072,493,2566,134,17,031,805111
777,4060,1505,272,1642,152,17,031,805901
778,7347,2151,323,2251,277,17,031,806002
779,8183,2458,336,2457,354,17,031,806003
780,2507,789,66,836,50,17,031,806400
781,2349,549,113,644,81,17,031,806501
782,3406,868,264,1120,136,17,031,750600
783,1765,612,65,682,25,17,031,310200
784,2735,677,276,828,210,17,031,691200
785,3605,706,153,939,62,17,031,700100
786,1719,452,197,576,95,17,031,710600
787,1583,431,141,523,86,17,031,711300
788,4233,1014,327,1171,257,17,031,730500
789,2301,877,157,919,121,17,031,770700
790,6584,2233,146,2246,133,17,031,800200
791,3334,1153,25,1143,35,17,031,800300
792,5400,1654,43,1654,43,17,031,800500
793,4913,1610,47,1635,37,17,031,801100
794,6115,2369,91,2395,82,17,031,801500
795,4097,1165,303,1306,262,17,031,801603
796,7067,2597,194,2723,224,17,031,801608
797,4280,1599,181,1642,202,17,031,801901
798,5977,1850,406,2080,191,17,031,802402
799,5444,1859,86,1936,49,17,031,803010
800,4540,1526,166,1635,62,17,031,818200
801,4333,1493,203,1612,178,17,031,818900
802,1585,415,112,488,79,17,031,280400
803,2506,583,190,668,196,17,031,292200
804,3336,724,374,889,242,17,031,491400
805,2624,897,139,972,77,17,031,550200
806,4074,886,553,1026,454,17,031,827400
807,4169,1803,103,1919,31,17,031,030800
808,5914,1898,104,1942,104,17,031,050500
809,6379,1210,386,1415,336,17,031,630400
810,1087,303,96,326,91,17,031,670300
811,2793,532,341,702,340,17,031,681000
812,4335,1034,608,1472,280,17,031,710200
813,6924,2494,300,2593,218,17,031,770300
814,4909,1846,150,1898,135,17,031,803007
815,4254,859,230,1037,113,17,031,816402
816,1841,525,231,630,157,17,031,351400
817,1126,240,196,338,122,17,031,421200
818,1931,541,92,583,72,17,031,491200
819,3877,1077,285,1179,193,17,031,805401
820,2432,1404,81,1496,29,17,031,350100
821,2982,1031,36,1061,36,17,031,062700
822,9148,2240,479,2571,237,17,031,803606
823,5512,2099,129,2163,65,17,031,801605
824,1113,308,43,327,42,17,031,670700
825,3541,1155,103,1181,84,17,031,806600
826,7220,2701,191,2708,200,17,031,820101
827,2992,1173,296,1221,248,17,031,821402
828,4309,1316,188,1471,111,17,031,822101
829,3588,1051,131,1171,88,17,031,823102
830,6064,1594,617,1875,510,17,031,823304
831,4153,1401,263,1535,165,17,031,824507
832,7846,2061,384,2221,224,17,031,824800
833,3395,914,212,972,185,17,031,824900
834,5269,1882,336,2010,271,17,031,825400
835,5626,1552,391,1673,322,17,031,825501
836,6283,2145,210,2238,141,17,031,825503
837,5878,1535,259,1640,194,17,031,825505
838,5761,1800,253,1924,145,17,031,826202
839,3509,760,486,1120,185,17,031,817500
840,5156,1334,284,1430,241,17,031,817700
841,5756,1707,458,1937,330,17,031,817900
842,3881,1088,280,1319,160,17,031,821401
843,3035,574,144,659,118,17,031,300600
844,1514,463,76,503,58,17,031,310700
845,0,0,0,0,0,17,031,381700
846,1626,618,41,621,54,17,031,390100
847,1330,320,107,335,92,17,031,380700
848,1852,738,161,786,160,17,031,381200
849,2143,810,24,840,16,17,031,390200
850,1329,425,167,496,117,17,031,400300
851,2102,613,213,714,117,17,031,400500
852,2007,1044,130,1209,42,17,031,410100
853,1475,613,57,636,44,17,031,410200
854,2516,916,57,995,40,17,031,410600
855,3509,1640,207,1768,194,17,031,411000
856,1957,675,52,692,35,17,031,430800
857,1481,495,213,615,94,17,031,430900
858,4706,1415,595,1731,331,17,031,440300
859,1786,559,142,606,131,17,031,440600
860,1200,297,82,316,73,17,031,460600
861,3435,1404,141,1513,53,17,031,040700
862,1904,912,71,953,40,17,031,040900
863,2939,1188,50,1277,27,17,031,060100
864,2936,1215,63,1273,34,17,031,060300
865,3877,1466,126,1585,41,17,031,060400
866,3027,1523,21,1594,0,17,031,062000
867,2988,1214,63,1268,25,17,031,062200
868,1556,675,28,699,14,17,031,062500
869,2238,1159,106,1242,54,17,031,063100
870,6416,2442,274,2548,197,17,031,090200
871,3404,1060,141,1102,140,17,031,100400
872,5180,1586,263,1648,223,17,031,100700
873,6892,2121,220,2302,189,17,031,120300
874,3595,901,330,1165,183,17,031,292500
875,6187,3639,105,3824,15,17,031,071500
876,1686,711,50,782,17,17,031,390600
877,5851,1762,157,1788,159,17,031,807000
878,347,182,27,205,21,17,031,381500
879,2186,946,43,1092,0,17,031,410700
880,5805,1828,432,1995,347,17,031,808301
881,6988,1390,506,1738,282,17,031,230600
882,2726,924,368,926,395,17,031,221500
883,1620,540,90,562,83,17,031,230100
884,1215,564,17,574,12,17,031,240300
885,1995,744,7,756,7,17,031,241300
886,2893,1085,30,1085,30,17,031,051300
887,6745,4011,150,4132,76,17,031,063200
888,4191,1309,291,1409,233,17,031,070700
889,3394,1051,36,1118,0,17,031,071100
890,5096,2631,142,2665,186,17,031,071400
891,856,206,87,277,51,17,031,380500
892,1415,517,152,579,110,17,031,381400
893,1252,510,123,592,56,17,031,381800
894,1565,665,99,719,88,17,031,390500
895,5372,2584,501,3081,264,17,031,390700
896,2525,1185,69,1285,45,17,031,410500
897,1689,639,44,731,7,17,031,411200
898,2674,766,381,854,313,17,031,420700
899,3733,1047,313,1103,297,17,031,450300
900,1598,574,157,655,143,17,031,500300
901,5275,1370,166,1445,133,17,031,520500
902,2183,626,115,662,79,17,031,530400
903,4769,1353,370,1498,329,17,031,250400
904,4261,855,242,1023,115,17,031,251600
905,5300,1108,531,1391,308,17,031,251800
906,1461,265,103,325,53,17,031,260900
907,3480,1566,29,1604,0,17,031,241600
908,3676,1215,195,1371,142,17,031,030300
909,6359,1910,642,2531,315,17,031,031200
910,3342,1525,197,1728,117,17,031,410900
911,2450,611,278,725,237,17,031,430300
912,2487,738,204,835,132,17,031,170600
913,3549,1232,118,1339,97,17,031,600900
914,5483,954,238,1095,221,17,031,630300
915,4874,1435,207,1496,146,17,031,828702
916,2300,857,212,928,154,17,031,830001
917,3365,1189,139,1254,120,17,031,819500
918,2651,711,179,756,169,17,031,460700
919,3408,494,507,690,319,17,031,491000
920,5043,1408,234,1614,115,17,031,821900
921,6280,2383,397,2433,379,17,031,823602
922,8101,2451,206,2515,174,17,031,824108
923,5240,1767,232,1828,201,17,031,818800
924,6927,1503,386,1827,189,17,031,191100
925,2090,450,187,573,88,17,031,230400
926,1803,728,40,790,24,17,031,242900
927,1640,361,146,404,117,17,031,570400
928,4123,1158,282,1257,261,17,031,822302
929,4569,1383,243,1409,249,17,031,823903
930,5245,1448,177,1515,143,17,031,825600
931,3645,1255,224,1353,147,17,031,828401
932,2357,752,59,791,53,17,031,827901
933,4200,2322,311,2460,322,17,031,081100
934,5331,1680,230,1773,163,17,031,110300
935,5838,1231,342,1434,180,17,031,190200
936,2879,969,239,1067,203,17,031,221300
937,3807,773,205,929,157,17,031,251200
938,1607,543,82,595,60,17,031,282800
939,2018,328,187,368,168,17,031,260600
940,3192,614,586,999,334,17,031,710700
941,1972,517,213,628,133,17,031,710900
942,2572,508,237,669,145,17,031,711400
943,3929,1200,106,1272,63,17,031,720300
944,1103,247,110,309,91,17,031,730300
945,3136,967,163,1029,120,17,031,740100
946,3233,965,116,1044,135,17,031,828802
947,2791,1240,32,1297,11,17,031,241500
948,2248,977,106,1048,65,17,031,060200
949,2202,1062,10,1103,10,17,031,061000
950,1571,615,97,640,97,17,031,062400
951,4216,1892,103,2012,33,17,031,070200
952,3634,1681,0,1691,9,17,031,070300
953,6395,2435,426,2736,197,17,031,010600
954,4258,1375,258,1470,205,17,031,020400
955,3907,1750,180,1816,182,17,031,031000
956,2953,1027,54,1047,34,17,031,040300
957,2160,972,59,1055,16,17,031,050600
958,1197,451,252,535,203,17,031,060500
959,7292,4313,299,4542,159,17,031,060900
960,5123,949,345,1159,255,17,031,190602
961,2735,485,205,706,73,17,031,190701
962,5056,1125,270,1300,171,17,031,190702
963,5525,1046,421,1148,357,17,031,191301
964,5046,1138,134,1237,141,17,031,191302
965,3697,816,166,886,123,17,031,200401
966,4477,844,264,1015,147,17,031,200402
967,3033,914,234,1149,71,17,031,210501
968,4470,1194,241,1287,181,17,031,210502
969,2841,880,55,941,42,17,031,210601
970,4092,1238,260,1352,190,17,031,210602
971,1612,581,130,633,81,17,031,220601
972,4916,1998,432,2077,387,17,031,220602
973,3213,912,126,947,116,17,031,220701
974,3902,1031,277,1183,223,17,031,220702
975,2998,713,211,774,240,17,031,220901
976,2808,719,188,754,205,17,031,220902
977,1270,282,306,393,259,17,031,252101
978,6864,1370,783,1721,467,17,031,252102
979,2646,585,368,687,266,17,031,252201
980,4127,994,416,1163,319,17,031,252202
981,4964,2653,255,2833,272,17,031,031400
982,6982,2542,95,2595,95,17,031,804106
983,5501,1993,296,2198,158,17,031,806001
984,4529,1363,121,1394,112,17,031,806502
985,3792,1027,103,1110,75,17,031,809700
986,3801,1120,213,1236,163,17,031,810702
987,5129,1975,114,2002,117,17,031,812000
988,3790,1154,72,1208,35,17,031,812200
989,3188,1052,9,1070,0,17,031,812400
990,5742,1226,189,1351,123,17,031,814500
991,3595,1099,118,1186,82,17,031,815701
992,2809,657,167,725,112,17,031,816700
993,5888,1588,441,1848,239,17,031,826600
994,5175,1251,345,1373,291,17,031,826800
995,1625,325,191,425,121,17,031,826902
996,4033,993,137,1087,61,17,031,510200
997,2654,531,149,571,143,17,031,570500
998,3144,820,247,905,192,17,031,600600
999,2340,525,209,571,207,17,031,611200
1000,1737,415,114,453,103,17,031,640800
1001,1290,282,136,373,98,17,031,670900
1002,2452,729,315,913,157,17,031,691300
1003,2682,855,287,982,260,17,031,430700
1004,742,243,98,272,75,17,031,490400
1005,6849,2339,239,2572,45,17,031,824106
1006,3030,982,55,1070,10,17,031,806802
1007,5273,2350,178,2519,133,17,031,809400
1008,5837,1319,273,1444,268,17,031,610300
1009,2246,532,124,551,119,17,031,611800
1010,2472,495,264,673,126,17,031,681200
1011,3301,710,360,944,166,17,031,711000
1012,2351,718,24,725,17,17,031,800600
1013,7041,2228,235,2303,160,17,031,804305
1014,2846,1198,52,1275,18,17,031,809900
1015,5274,1236,443,1596,132,17,031,811702
1016,3205,1403,224,1506,158,17,031,816000
1017,5406,1808,156,1890,127,17,031,819400
1018,3058,1008,141,1127,129,17,031,210900
1019,960,152,103,211,73,17,031,260200
1020,8452,2119,274,2284,149,17,031,815500
1021,3968,1158,338,1259,270,17,031,818000
1022,4029,972,681,1137,553,17,031,251400
1023,2447,439,332,608,240,17,031,260800
1024,1326,261,82,311,82,17,031,271200
1025,3668,1225,197,1462,179,17,031,283800
1026,6301,1624,379,1866,233,17,031,561000
1027,2552,549,205,609,170,17,031,611100
1028,2846,582,268,637,268,17,031,611400
1029,5913,1257,242,1397,178,17,031,630500
1030,1532,365,129,377,117,17,031,640100
1031,4206,1244,334,1340,316,17,031,640600
1032,6648,1411,259,1548,210,17,031,650400
1033,1272,335,96,406,85,17,031,271400
1034,6603,3936,58,4204,18,17,031,280100
1035,4623,1147,389,1417,154,17,031,823500
1036,1792,514,129,632,71,17,031,821500
1037,5412,1734,143,1912,61,17,031,821800
1038,4985,1317,322,1597,213,17,031,823400
1039,1873,607,102,676,88,17,031,310300
1040,3839,1440,169,1431,178,17,031,823901
1041,4556,1532,152,1601,115,17,031,824601
1042,5488,1605,379,1750,275,17,031,824702
1043,4848,1213,346,1431,202,17,031,200200
1044,3144,1296,123,1357,70,17,031,221400
1045,972,186,87,234,50,17,031,230300
1046,4808,1406,237,1607,190,17,031,230900
1047,1217,217,90,291,67,17,031,231100
1048,1725,545,71,582,54,17,031,240600
1049,2849,1146,167,1247,90,17,031,243400
1050,2866,599,154,752,71,17,031,250200
1051,5214,1209,650,1441,591,17,031,250700
1052,4047,813,470,1085,318,17,031,251300
1053,2285,644,136,765,60,17,031,282700
1054,5198,1478,893,1861,573,17,031,440201
1055,4148,1143,299,1238,240,17,031,530501
1056,6171,1454,286,1595,177,17,031,530503
1057,4104,1102,367,1301,211,17,031,540101
1058,3255,810,277,917,212,17,031,540102
1059,2607,1086,39,1143,17,17,031,040600
1060,3964,999,253,1127,135,17,031,817600
1061,3131,1152,150,1271,86,17,031,818402
1062,4811,775,608,1142,406,17,031,251100
1063,5259,1111,1163,1434,945,17,031,252000
1064,1204,307,233,395,182,17,031,260100
1065,1669,291,211,390,128,17,031,260700
1066,1110,238,99,289,77,17,031,271300
1067,4118,2629,95,2655,112,17,031,081700
1068,5630,1835,304,1999,174,17,031,100100
1069,5840,1861,421,1921,394,17,031,100500
1070,5341,1339,479,1535,386,17,031,130100
1071,6514,1440,347,1703,179,17,031,140200
1072,3920,1109,158,1218,58,17,031,140500
1073,3524,1576,219,1755,97,17,031,160300
1074,5459,1528,222,1678,148,17,031,160800
1075,1921,554,70,606,46,17,031,822900
1076,3964,1389,160,1438,159,17,031,823904
1077,4947,1360,226,1493,109,17,031,826402
1078,1096,246,134,262,125,17,031,829401
1079,4138,1341,347,1460,248,17,031,820104
1080,7405,2784,246,2893,232,17,031,820201
1081,6327,1556,294,1877,278,17,031,821200
1082,4401,1225,292,1434,183,17,031,821600
1083,4623,1292,284,1472,190,17,031,821700
1084,4343,1406,395,1580,277,17,031,822102
1085,1663,665,43,660,62,17,031,222600
1086,1232,288,39,312,26,17,031,230800
1087,1876,494,144,601,77,17,031,240700
1088,2097,652,90,692,66,17,031,241000
1089,3758,1354,161,1348,177,17,031,241100
1090,4763,1636,383,1725,335,17,031,242000
1091,3855,1685,35,1710,10,17,031,242100
1092,4252,988,283,1103,201,17,031,250600
1093,3937,1312,190,1356,154,17,031,808302
1094,4521,1455,266,1548,221,17,031,809300
1095,3311,890,264,962,206,17,031,460400
1096,3764,906,203,1085,142,17,031,560700
1097,5650,1509,237,1627,258,17,031,561100
1098,2236,505,117,532,93,17,031,570200
1099,4599,1801,460,2044,319,17,031,010100
1100,6786,2680,192,2813,119,17,031,030500
1101,1670,624,30,653,6,17,031,071700
1102,6840,2020,27,2042,27,17,031,020200
1103,6785,2905,386,3340,277,17,031,031700
1104,2164,790,11,810,0,17,031,061200
1105,2000,801,32,842,0,17,031,061500
1106,3818,1763,71,1842,0,17,031,062900
1107,4240,1273,176,1423,126,17,031,210700
1108,4868,1510,271,1675,224,17,031,221100
1109,3174,1038,255,1161,150,17,031,221200
1110,3456,1618,103,1751,36,17,031,063000
1111,1956,807,113,807,113,17,031,071200
1112,4521,2860,17,2968,17,17,031,081500
1113,1339,436,57,454,39,17,031,090300
1114,5509,1555,114,1669,97,17,031,130300
1115,4792,1545,314,1690,192,17,031,100600
1116,4666,1630,214,1720,147,17,031,110400
1117,4607,1573,170,1617,134,17,031,120200
1118,4040,1132,240,1287,142,17,031,150700
1119,3732,1100,339,1299,184,17,031,161300
1120,2580,729,193,819,132,17,031,210400
1121,1165,323,69,362,30,17,031,210800
1122,3268,1349,35,1386,35,17,031,221600
1123,5703,2119,149,2197,101,17,031,801800
1124,6111,1970,72,1996,72,17,031,802900
1125,4243,1661,165,1735,105,17,031,803604
1126,4514,1557,168,1612,171,17,031,803800
1127,6331,2116,318,2269,207,17,031,804804
1128,7186,1899,376,2021,316,17,031,805105
1129,6435,2117,348,2394,84,17,031,805108
1130,5001,1724,184,1788,148,17,031,805701
1131,1939,622,70,626,66,17,031,805702
1132,4129,1228,164,1283,129,17,031,806801
1133,7811,2418,304,2502,326,17,031,807300
1134,4648,1179,416,1299,349,17,031,808002
1135,4200,1523,53,1548,35,17,031,808900
1136,2660,977,30,983,39,17,031,809800
1137,5320,1321,158,1509,49,17,031,814700
1138,3618,1282,165,1403,101,17,031,020100
1139,1897,524,229,663,125,17,031,836100
1140,1492,95,0,113,0,17,031,836200
1141,1513,545,60,623,40,17,031,836300
1142,3787,1376,360,1506,296,17,031,836400
1143,1963,574,152,660,66,17,031,836500
1144,2337,704,175,807,72,17,031,836600
1145,2308,575,263,791,127,17,031,836700
1146,2397,524,324,573,298,17,031,836800
1147,1163,371,130,395,106,17,031,836900
1148,1804,371,245,555,139,17,031,837000
1149,1319,316,334,495,195,17,031,837100
1150,2762,440,290,600,185,17,031,837300
1151,2259,498,162,647,83,17,031,837400
1152,2627,775,98,785,106,17,031,837800
1153,5950,2235,232,2393,144,17,031,803702
1154,3931,1631,99,1734,25,17,031,804108
1155,2793,957,108,983,93,17,031,804109
1156,7775,3022,855,3832,393,17,031,031300
1157,5112,2498,156,2638,56,17,031,810000
1158,6428,2153,288,2416,190,17,031,810200
1159,4069,1469,154,1496,138,17,031,811000
1160,3658,722,378,843,299,17,031,828900
1161,8977,3158,260,3366,117,17,031,829901
1162,6418,2013,243,2308,166,17,031,829902
1163,3460,1364,22,1380,38,17,031,062800
1164,2443,1133,55,1161,43,17,031,063400
1165,3458,1154,86,1213,86,17,031,070500
1166,1914,675,77,702,50,17,031,071600
1167,2613,960,81,1003,64,17,031,071800
1168,3220,845,132,889,151,17,031,817102
1169,2622,507,280,688,126,17,031,817300
1170,4132,1226,447,1366,353,17,031,819100
1171,3745,1187,25,1213,16,17,031,819600
1172,2969,884,186,939,147,17,031,827804
1173,5160,1195,392,1323,293,17,031,827500
1174,5246,1290,191,1334,189,17,031,827801
1175,8891,2818,417,2881,403,17,031,828506
1176,3528,868,301,977,219,17,031,829100
1177,4076,920,481,1064,403,17,031,829500
1178,6895,2115,283,2376,55,17,031,830004
1179,4163,1361,176,1435,177,17,031,830005
1180,3055,964,164,1048,153,17,031,830006
1181,5324,1744,388,1926,243,17,031,830201
1182,5183,2618,100,2839,152,17,031,320600
1183,1979,453,181,537,135,17,031,350400
1184,6818,2204,192,2313,128,17,031,804810
1185,6649,2243,191,2281,185,17,031,804901
1186,3161,918,213,975,182,17,031,805301
1187,3722,1208,110,1236,110,17,031,805302
1188,4973,1640,111,1718,96,17,031,805402
1189,4644,1551,157,1639,109,17,031,806300
1190,3522,1073,87,1116,44,17,031,807100
1191,5367,1503,267,1582,207,17,031,808200
1192,4017,1236,98,1244,90,17,031,808500
1193,4670,1532,139,1655,71,17,031,812900
1194,4954,1636,75,1762,30,17,031,813100
1195,4262,1424,51,1483,60,17,031,813200
1196,7660,1478,228,1637,184,17,031,813400
1197,4257,966,135,1100,141,17,031,814100
1198,945,169,60,225,60,17,031,291600
1199,2000,330,236,376,249,17,031,292400
1200,2217,551,193,588,196,17,031,301100
1201,4242,853,417,956,346,17,031,301600
1202,4454,935,359,979,336,17,031,660500
1203,7115,1586,190,1884,50,17,031,661100
1204,975,174,145,185,151,17,031,670600
1205,632,190,109,245,63,17,031,690500
1206,2256,715,239,869,154,17,031,691000
1207,5608,1127,594,1580,324,17,031,710400
1208,4465,1422,399,1628,210,17,031,740400
1209,5248,1275,578,1545,398,17,031,770800
1210,2281,913,47,904,65,17,031,800800
1211,8204,3902,636,4446,305,17,031,081000
1212,2631,1002,247,1153,165,17,031,030400
1213,3126,1259,150,1403,28,17,031,030900
1214,2558,1149,113,1170,100,17,031,031900
1215,5092,1747,316,1876,202,17,031,050200
1216,3466,1044,83,1070,88,17,031,802100
1217,4812,1823,98,1849,79,17,031,802801
1218,3416,1149,61,1174,50,17,031,803100
1219,4912,1734,50,1758,35,17,031,803607
1220,6888,2333,125,2351,118,17,031,804606
1221,4470,1477,93,1522,71,17,031,804705
1222,3767,1376,102,1446,62,17,031,804710
1223,7733,2625,280,2857,104,17,031,804711
1224,2994,1046,124,1117,94,17,031,805106
1225,4178,1470,215,1485,200,17,031,805109
1226,7042,2266,635,2501,535,17,031,805002
1227,6037,2050,49,2069,63,17,031,804803
1228,2618,753,66,782,46,17,031,804808
1229,5303,1734,109,1745,98,17,031,804902
1230,3294,827,384,887,342,17,031,805112
1231,3950,1446,55,1514,31,17,031,805502
1232,2465,854,96,889,90,17,031,805801
1233,3921,1394,31,1441,0,17,031,806700
1234,2589,691,87,773,38,17,031,807800
1235,3976,1232,201,1299,148,17,031,809000
1236,3193,1214,120,1252,131,17,031,809100
1237,3087,1027,77,1078,34,17,031,810302
1238,5490,1386,497,1545,402,17,031,810502
1239,4981,1335,420,1597,216,17,031,810701
1240,5242,1400,252,1512,149,17,031,810800
1241,4158,1207,216,1266,176,17,031,811402
1242,6441,1542,445,1660,336,17,031,811500
1243,6741,3703,69,3921,42,17,031,080100
1244,4331,1337,536,1682,191,17,031,080400
1245,5393,2935,122,3336,144,17,031,081300
1246,6819,2166,665,2420,441,17,031,100200
1247,6259,1816,723,1900,776,17,031,100300
1248,3727,1109,86,1190,45,17,031,120400
1249,7862,2353,500,2571,319,17,031,150300
1250,3616,968,165,1078,132,17,031,151200
1251,3023,1010,184,1127,96,17,031,160200
1252,4189,1102,345,1323,221,17,031,170400
1253,4099,976,434,1120,298,17,031,170800
1254,6228,1771,434,1867,368,17,031,180100
1255,6517,2214,404,2326,292,17,031,828505
1256,4198,1031,167,1137,135,17,031,828701
1257,1316,199,200,261,158,17,031,829000
1258,3270,1140,283,1358,125,17,031,829402
1259,2886,690,154,776,105,17,031,140601
1260,3028,898,140,998,75,17,031,140701
1261,5882,1444,390,1750,247,17,031,140702
1262,4909,1476,245,1720,92,17,031,150401
1263,3817,1134,144,1217,81,17,031,150402
1264,3903,1232,144,1312,95,17,031,150501
1265,4339,1234,226,1265,217,17,031,150502
1266,2803,670,200,755,156,17,031,151001
1267,4892,1225,237,1380,151,17,031,151002
1268,3729,1007,280,1274,96,17,031,160502
1269,3362,1133,138,1213,91,17,031,160601
1270,3735,1230,176,1329,120,17,031,160602
1271,4019,1045,218,1092,209,17,031,160501
1272,4976,953,177,1037,108,17,031,190601
1273,4394,975,230,1051,202,17,031,190401
1274,5385,1213,388,1414,293,17,031,190402
1275,7455,2091,434,2469,278,17,031,010201
1276,3089,1221,265,1385,187,17,031,010502
1277,2896,919,176,1022,114,17,031,010202
1278,4102,1672,499,2151,223,17,031,010501
1279,1806,700,320,844,215,17,031,010503
1280,3620,1302,167,1404,108,17,031,010701
1281,5082,1714,229,2033,50,17,031,010702
1282,4993,1058,401,1130,367,17,031,580501
1283,5358,1063,414,1195,309,17,031,580502
1284,4919,1138,362,1279,245,17,031,650301
1285,4213,909,140,979,127,17,031,650302
1286,1398,301,206,325,208,17,031,660301
1287,4999,1027,394,1056,433,17,031,660302
1288,6530,1418,264,1483,258,17,031,700301
1289,5836,1459,278,1548,226,17,031,700302
1290,6337,1609,144,1850,72,17,031,700401
1291,4484,1070,135,1206,83,17,031,700402
1292,6594,1936,405,2154,300,17,031,700501
1293,3449,909,101,984,48,17,031,700502
1294,5262,1461,699,1947,311,17,031,730201
1295,3098,745,202,927,111,17,031,730202
1296,3866,1339,35,1357,17,17,031,808800
1297,4401,1094,298,1232,217,17,031,809200
1298,5268,1502,351,1567,378,17,031,810501
1299,6152,1803,564,1971,396,17,031,811100
1300,4957,1507,170,1561,150,17,031,811200
1301,3173,1238,232,1394,133,17,031,812500
1302,3285,1216,260,1345,207,17,031,812700
1303,4573,949,203,1089,229,17,031,814000
1304,3806,946,201,1042,174,17,031,815000
1305,3785,489,497,699,406,17,031,301701
1306,3421,462,390,543,342,17,031,301802
1307,4645,775,237,922,148,17,031,301702
1308,3568,606,355,740,360,17,031,301801
1309,4423,863,368,984,366,17,031,301803
1310,3199,1197,462,1221,463,17,031,430101
1311,3120,1358,570,1583,398,17,031,430102
1312,3236,948,328,1034,263,17,031,431301
1313,4329,1210,286,1270,237,17,031,431302
1314,4088,1125,777,1556,424,17,031,440101
1315,3473,1071,544,1326,339,17,031,440102
1316,3012,1098,449,1260,337,17,031,440202
1317,3634,888,223,959,195,17,031,460301
1318,3322,899,199,945,164,17,031,460302
