STUSAB,SUMLEV,COUNTY,COUSUB,PLACE,GEOID2,CHGOCA,TRACT,NAME,Notes,Community Area Name
IL,80,31,14000,14000,1010100,1,010100,CA 01 Tract 010100,,Rogers Park
IL,80,31,14000,14000,1010201,1,010201,CA 01 Tract 010201,,Rogers Park
IL,80,31,14000,14000,1010202,1,010202,CA 01 Tract 010202,,Rogers Park
IL,80,31,14000,14000,1010300,1,010300,CA 01 Tract 010300,,Rogers Park
IL,80,31,14000,14000,1010400,1,010400,CA 01 Tract 010400,,Rogers Park
IL,80,31,14000,14000,1010501,1,010501,CA 01 Tract 010501,,Rogers Park
IL,80,31,14000,14000,1010502,1,010502,CA 01 Tract 010502,,Rogers Park
IL,80,31,14000,14000,1010503,1,010503,CA 01 Tract 010503,,Rogers Park
IL,80,31,14000,14000,1010600,1,010600,CA 01 Tract 010600,,Rogers Park
IL,80,31,14000,14000,1010701,1,010701,CA 01 Tract 010701,,Rogers Park
IL,80,31,14000,14000,1010702,1,010702,CA 01 Tract 010702,,Rogers Park
IL,80,31,14000,14000,1830600,1,830600,CA 01 Tract 830600,,Rogers Park
IL,80,31,14000,14000,2020100,2,020100,CA 02 Tract 020100,,West Ridge
IL,80,31,14000,14000,2020200,2,020200,CA 02 Tract 020200,,West Ridge
IL,80,31,14000,14000,2020301,2,020301,CA 02 Tract 020301,,West Ridge
IL,80,31,14000,14000,2020302,2,020302,CA 02 Tract 020302,,West Ridge
IL,80,31,14000,14000,2020400,2,020400,CA 02 Tract 020400,,West Ridge
IL,80,31,14000,14000,2020500,2,020500,CA 02 Tract 020500,,West Ridge
IL,80,31,14000,14000,2020601,2,020601,CA 02 Tract 020601,,West Ridge
IL,80,31,14000,14000,2020602,2,020602,CA 02 Tract 020602,,West Ridge
IL,80,31,14000,14000,2020701,2,020701,CA 02 Tract 020701,,West Ridge
IL,80,31,14000,14000,2020702,2,020702,CA 02 Tract 020702,,West Ridge
IL,80,31,14000,14000,2020801,2,020801,CA 02 Tract 020801,,West Ridge
IL,80,31,14000,14000,2020802,2,020802,CA 02 Tract 020802,,West Ridge
IL,80,31,14000,14000,2020901,2,020901,CA 02 Tract 020901,,West Ridge
IL,80,31,14000,14000,2020902,2,020902,CA 02 Tract 020902,,West Ridge
IL,80,31,14000,14000,3031000,3,031000,CA 03 Tract 031000,,Uptown
IL,80,31,14000,14000,3031100,3,031100,CA 03 Tract 031100,,Uptown
IL,80,31,14000,14000,3031200,3,031200,CA 03 Tract 031200,,Uptown
IL,80,31,14000,14000,3031300,3,031300,CA 03 Tract 031300,,Uptown
IL,80,31,14000,14000,3031400,3,031400,CA 03 Tract 031400,,Uptown
IL,80,31,14000,14000,3031501,3,031501,CA 03 Tract 031501,,Uptown
IL,80,31,14000,14000,3031502,3,031502,CA 03 Tract 031502,,Uptown
IL,80,31,14000,14000,3031700,3,031700,CA 03 Tract 031700,,Uptown
IL,80,31,14000,14000,3031800,3,031800,CA 03 Tract 031800,,Uptown
IL,80,31,14000,14000,3031900,3,031900,CA 03 Tract 031900,,Uptown
IL,80,31,14000,14000,3032100,3,032100,CA 03 Tract 032100,,Uptown
IL,80,31,14000,14000,3830700,3,830700,CA 03 Tract 830700,,Uptown
IL,80,31,14000,14000,4040100,4,040100,CA 04 Tract 040100,,Lincoln Square
IL,80,31,14000,14000,4040201,4,040201,CA 04 Tract 040201,,Lincoln Square
IL,80,31,14000,14000,4040202,4,040202,CA 04 Tract 040202,,Lincoln Square
IL,80,31,14000,14000,4040300,4,040300,CA 04 Tract 040300,,Lincoln Square
IL,80,31,14000,14000,4040401,4,040401,CA 04 Tract 040401,,Lincoln Square
IL,80,31,14000,14000,4040402,4,040402,CA 04 Tract 040402,,Lincoln Square
IL,80,31,14000,14000,4040600,4,040600,CA 04 Tract 040600,,Lincoln Square
IL,80,31,14000,14000,4040700,4,040700,CA 04 Tract 040700,,Lincoln Square
IL,80,31,14000,14000,4040800,4,040800,CA 04 Tract 040800,,Lincoln Square
IL,80,31,14000,14000,4040900,4,040900,CA 04 Tract 040900,,Lincoln Square
IL,80,31,14000,14000,4830800,4,830800,CA 04 Tract 830800,,Lincoln Square
IL,80,31,14000,14000,5050100,5,050100,CA 05 Tract 050100,,North Center
IL,80,31,14000,14000,5050200,5,050200,CA 05 Tract 050200,,North Center
IL,80,31,14000,14000,5050300,5,050300,CA 05 Tract 050300,,North Center
IL,80,31,14000,14000,5050500,5,050500,CA 05 Tract 050500,,North Center
IL,80,31,14000,14000,5050600,5,050600,CA 05 Tract 050600,,North Center
IL,80,31,14000,14000,5050700,5,050700,CA 05 Tract 050700,,North Center
IL,80,31,14000,14000,5050800,5,050800,CA 05 Tract 050800,,North Center
IL,80,31,14000,14000,5050900,5,050900,CA 05 Tract 050900,,North Center
IL,80,31,14000,14000,5051000,5,051000,CA 05 Tract 051000,,North Center
IL,80,31,14000,14000,5051100,5,051100,CA 05 Tract 051100,,North Center
IL,80,31,14000,14000,5051200,5,051200,CA 05 Tract 051200,,North Center
IL,80,31,14000,14000,5051300,5,051300,CA 05 Tract 051300,,North Center
IL,80,31,14000,14000,5051400,5,051400,CA 05 Tract 051400,,North Center
IL,80,31,14000,14000,5843700,5,843700,CA 05 Tract 843700,,North Center
IL,80,31,14000,14000,6060100,6,060100,CA 06 Tract 060100,,Lake View
IL,80,31,14000,14000,6060200,6,060200,CA 06 Tract 060200,,Lake View
IL,80,31,14000,14000,6060300,6,060300,CA 06 Tract 060300,,Lake View
IL,80,31,14000,14000,6060400,6,060400,CA 06 Tract 060400,,Lake View
IL,80,31,14000,14000,6060500,6,060500,CA 06 Tract 060500,,Lake View
IL,80,31,14000,14000,6060800,6,060800,CA 06 Tract 060800,,Lake View
IL,80,31,14000,14000,6060900,6,060900,CA 06 Tract 060900,,Lake View
IL,80,31,14000,14000,6061000,6,061000,CA 06 Tract 061000,,Lake View
IL,80,31,14000,14000,6061100,6,061100,CA 06 Tract 061100,,Lake View
IL,80,31,14000,14000,6061200,6,061200,CA 06 Tract 061200,,Lake View
IL,80,31,14000,14000,6061500,6,061500,CA 06 Tract 061500,,Lake View
IL,80,31,14000,14000,6061800,6,061800,CA 06 Tract 061800,,Lake View
IL,80,31,14000,14000,6061901,6,061901,CA 06 Tract 061901,,Lake View
IL,80,31,14000,14000,6061902,6,061902,CA 06 Tract 061902,,Lake View
IL,80,31,14000,14000,6062000,6,062000,CA 06 Tract 062000,,Lake View
IL,80,31,14000,14000,6062100,6,062100,CA 06 Tract 062100,,Lake View
IL,80,31,14000,14000,6062200,6,062200,CA 06 Tract 062200,,Lake View
IL,80,31,14000,14000,6062300,6,062300,CA 06 Tract 062300,,Lake View
IL,80,31,14000,14000,6062400,6,062400,CA 06 Tract 062400,,Lake View
IL,80,31,14000,14000,6062500,6,062500,CA 06 Tract 062500,,Lake View
IL,80,31,14000,14000,6062600,6,062600,CA 06 Tract 062600,,Lake View
IL,80,31,14000,14000,6062700,6,062700,CA 06 Tract 062700,,Lake View
IL,80,31,14000,14000,6062800,6,062800,CA 06 Tract 062800,,Lake View
IL,80,31,14000,14000,6062900,6,062900,CA 06 Tract 062900,,Lake View
IL,80,31,14000,14000,6063000,6,063000,CA 06 Tract 063000,,Lake View
IL,80,31,14000,14000,6063100,6,063100,CA 06 Tract 063100,,Lake View
IL,80,31,14000,14000,6063200,6,063200,CA 06 Tract 063200,,Lake View
IL,80,31,14000,14000,6063301,6,063301,CA 06 Tract 063301,,Lake View
IL,80,31,14000,14000,6063302,6,063302,CA 06 Tract 063302,,Lake View
IL,80,31,14000,14000,6063303,6,063303,CA 06 Tract 063303,,Lake View
IL,80,31,14000,14000,6063400,6,063400,CA 06 Tract 063400,,Lake View
IL,80,31,14000,14000,6831900,6,831900,CA 06 Tract 831900,,Lake View
IL,80,31,14000,14000,6832000,6,832000,CA 06 Tract 832000,,Lake View
IL,80,31,14000,14000,6832100,6,832100,CA 06 Tract 832100,,Lake View
IL,80,31,14000,14000,7070101,7,070101,CA 07 Tract 070101,,Lincoln Park
IL,80,31,14000,14000,7070102,7,070102,CA 07 Tract 070102,,Lincoln Park
IL,80,31,14000,14000,7070103,7,070103,CA 07 Tract 070103,,Lincoln Park
IL,80,31,14000,14000,7070200,7,070200,CA 07 Tract 070200,,Lincoln Park
IL,80,31,14000,14000,7070300,7,070300,CA 07 Tract 070300,,Lincoln Park
IL,80,31,14000,14000,7070400,7,070400,CA 07 Tract 070400,,Lincoln Park
IL,80,31,14000,14000,7070500,7,070500,CA 07 Tract 070500,,Lincoln Park
IL,80,31,14000,14000,7070600,7,070600,CA 07 Tract 070600,,Lincoln Park
IL,80,31,14000,14000,7070700,7,070700,CA 07 Tract 070700,,Lincoln Park
IL,80,31,14000,14000,7071000,7,071000,CA 07 Tract 071000,,Lincoln Park
IL,80,31,14000,14000,7071100,7,071100,CA 07 Tract 071100,,Lincoln Park
IL,80,31,14000,14000,7071200,7,071200,CA 07 Tract 071200,,Lincoln Park
IL,80,31,14000,14000,7071300,7,071300,CA 07 Tract 071300,,Lincoln Park
IL,80,31,14000,14000,7071400,7,071400,CA 07 Tract 071400,,Lincoln Park
IL,80,31,14000,14000,7071500,7,071500,CA 07 Tract 071500,,Lincoln Park
IL,80,31,14000,14000,7071600,7,071600,CA 07 Tract 071600,,Lincoln Park
IL,80,31,14000,14000,7071700,7,071700,CA 07 Tract 071700,,Lincoln Park
IL,80,31,14000,14000,7071800,7,071800,CA 07 Tract 071800,,Lincoln Park
IL,80,31,14000,14000,7832500,7,832500,CA 07 Tract 832500,,Lincoln Park
IL,80,31,14000,14000,7832600,7,832600,CA 07 Tract 832600,,Lincoln Park
IL,80,31,14000,14000,8080100,8,080100,CA 08 Tract 080100,,Near North Side
IL,80,31,14000,14000,8080201,8,080201,CA 08 Tract 080201,,Near North Side
IL,80,31,14000,14000,8080202,8,080202,CA 08 Tract 080202,,Near North Side
IL,80,31,14000,14000,8080300,8,080300,CA 08 Tract 080300,,Near North Side
IL,80,31,14000,14000,8080400,8,080400,CA 08 Tract 080400,,Near North Side
IL,80,31,14000,14000,8081000,8,081000,CA 08 Tract 081000,,Near North Side
IL,80,31,14000,14000,8081100,8,081100,CA 08 Tract 081100,,Near North Side
IL,80,31,14000,14000,8081201,8,081201,CA 08 Tract 081201,,Near North Side
IL,80,31,14000,14000,8081202,8,081202,CA 08 Tract 081202,,Near North Side
IL,80,31,14000,14000,8081300,8,081300,CA 08 Tract 081300,,Near North Side
IL,80,31,14000,14000,8081401,8,081401,CA 08 Tract 081401,,Near North Side
IL,80,31,14000,14000,8081402,8,081402,CA 08 Tract 081402,,Near North Side
IL,80,31,14000,14000,8081403,8,081403,CA 08 Tract 081403,,Near North Side
IL,80,31,14000,14000,8081500,8,081500,CA 08 Tract 081500,,Near North Side
IL,80,31,14000,14000,8081600,8,081600,CA 08 Tract 081600,,Near North Side
IL,80,31,14000,14000,8081700,8,081700,CA 08 Tract 081700,,Near North Side
IL,80,31,14000,14000,8081800,8,081800,CA 08 Tract 081800,,Near North Side
IL,80,31,14000,14000,8081900,8,081900,CA 08 Tract 081900,,Near North Side
IL,80,31,14000,14000,8838300,8,838300,CA 08 Tract 838300,,Near North Side
IL,80,31,14000,14000,8842200,8,842200,CA 08 Tract 842200,,Near North Side
IL,80,31,14000,14000,9090100,9,090100,CA 09 Tract 090100,,Edison Park
IL,80,31,14000,14000,9090200,9,090200,CA 09 Tract 090200,,Edison Park
IL,80,31,14000,14000,9090300,9,090300,CA 09 Tract 090300,,Edison Park
IL,80,31,14000,14000,10100100,10,100100,CA 10 Tract 100100,,Norwood Park
IL,80,31,14000,14000,10100200,10,100200,CA 10 Tract 100200,,Norwood Park
IL,80,31,14000,14000,10100300,10,100300,CA 10 Tract 100300,,Norwood Park
IL,80,31,14000,14000,10100400,10,100400,CA 10 Tract 100400,,Norwood Park
IL,80,31,14000,14000,10100500,10,100500,CA 10 Tract 100500,,Norwood Park
IL,80,31,14000,14000,10100600,10,100600,CA 10 Tract 100600,,Norwood Park
IL,80,31,14000,14000,10100700,10,100700,CA 10 Tract 100700,,Norwood Park
IL,80,31,14000,14000,10810400,10,810400,CA 10 Tract 810400,,Norwood Park
IL,80,31,14000,14000,11110100,11,110100,CA 11 Tract 110100,,Jefferson Park
IL,80,31,14000,14000,11110200,11,110200,CA 11 Tract 110200,,Jefferson Park
IL,80,31,14000,14000,11110300,11,110300,CA 11 Tract 110300,,Jefferson Park
IL,80,31,14000,14000,11110400,11,110400,CA 11 Tract 110400,,Jefferson Park
IL,80,31,14000,14000,11110501,11,110501,CA 11 Tract 110501,,Jefferson Park
IL,80,31,14000,14000,11110502,11,110502,CA 11 Tract 110502,,Jefferson Park
IL,80,31,14000,14000,12120100,12,120100,CA 12 Tract 120100,,Forest Glen
IL,80,31,14000,14000,12120200,12,120200,CA 12 Tract 120200,,Forest Glen
IL,80,31,14000,14000,12120300,12,120300,CA 12 Tract 120300,,Forest Glen
IL,80,31,14000,14000,12120400,12,120400,CA 12 Tract 120400,,Forest Glen
IL,80,31,14000,14000,13130100,13,130100,CA 13 Tract 130100,,North Park
IL,80,31,14000,14000,13130200,13,130200,CA 13 Tract 130200,,North Park
IL,80,31,14000,14000,13130300,13,130300,CA 13 Tract 130300,,North Park
IL,80,31,14000,14000,13831800,13,831800,CA 13 Tract 831800,,North Park
IL,80,31,14000,14000,14140100,14,140100,CA 14 Tract 140100,,Albany Park
IL,80,31,14000,14000,14140200,14,140200,CA 14 Tract 140200,,Albany Park
IL,80,31,14000,14000,14140301,14,140301,CA 14 Tract 140301,,Albany Park
IL,80,31,14000,14000,14140302,14,140302,CA 14 Tract 140302,,Albany Park
IL,80,31,14000,14000,14140400,14,140400,CA 14 Tract 140400,,Albany Park
IL,80,31,14000,14000,14140500,14,140500,CA 14 Tract 140500,,Albany Park
IL,80,31,14000,14000,14140601,14,140601,CA 14 Tract 140601,,Albany Park
IL,80,31,14000,14000,14140602,14,140602,CA 14 Tract 140602,,Albany Park
IL,80,31,14000,14000,14140701,14,140701,CA 14 Tract 140701,,Albany Park
IL,80,31,14000,14000,14140702,14,140702,CA 14 Tract 140702,,Albany Park
IL,80,31,14000,14000,14140800,14,140800,CA 14 Tract 140800,,Albany Park
IL,80,31,14000,14000,15150200,15,150200,CA 15 Tract 150200,,Portage Park
IL,80,31,14000,14000,15150300,15,150300,CA 15 Tract 150300,,Portage Park
IL,80,31,14000,14000,15150401,15,150401,CA 15 Tract 150401,,Portage Park
IL,80,31,14000,14000,15150402,15,150402,CA 15 Tract 150402,,Portage Park
IL,80,31,14000,14000,15150501,15,150501,CA 15 Tract 150501,,Portage Park
IL,80,31,14000,14000,15150502,15,150502,CA 15 Tract 150502,,Portage Park
IL,80,31,14000,14000,15150600,15,150600,CA 15 Tract 150600,,Portage Park
IL,80,31,14000,14000,15150700,15,150700,CA 15 Tract 150700,,Portage Park
IL,80,31,14000,14000,15150800,15,150800,CA 15 Tract 150800,,Portage Park
IL,80,31,14000,14000,15151001,15,151001,CA 15 Tract 151001,,Portage Park
IL,80,31,14000,14000,15151002,15,151002,CA 15 Tract 151002,,Portage Park
IL,80,31,14000,14000,15151100,15,151100,CA 15 Tract 151100,,Portage Park
IL,80,31,14000,14000,15151200,15,151200,CA 15 Tract 151200,,Portage Park
IL,80,31,14000,14000,15831700,15,831700,CA 15 Tract 831700,,Portage Park
IL,80,31,14000,14000,16160100,16,160100,CA 16 Tract 160100,,Irving Park
IL,80,31,14000,14000,16160200,16,160200,CA 16 Tract 160200,,Irving Park
IL,80,31,14000,14000,16160300,16,160300,CA 16 Tract 160300,,Irving Park
IL,80,31,14000,14000,16160400,16,160400,CA 16 Tract 160400,,Irving Park
IL,80,31,14000,14000,16160501,16,160501,CA 16 Tract 160501,,Irving Park
IL,80,31,14000,14000,16160502,16,160502,CA 16 Tract 160502,,Irving Park
IL,80,31,14000,14000,16160601,16,160601,CA 16 Tract 160601,,Irving Park
IL,80,31,14000,14000,16160602,16,160602,CA 16 Tract 160602,,Irving Park
IL,80,31,14000,14000,16160700,16,160700,CA 16 Tract 160700,,Irving Park
IL,80,31,14000,14000,16160800,16,160800,CA 16 Tract 160800,,Irving Park
IL,80,31,14000,14000,16160900,16,160900,CA 16 Tract 160900,,Irving Park
IL,80,31,14000,14000,16161000,16,161000,CA 16 Tract 161000,,Irving Park
IL,80,31,14000,14000,16161100,16,161100,CA 16 Tract 161100,,Irving Park
IL,80,31,14000,14000,16161200,16,161200,CA 16 Tract 161200,,Irving Park
IL,80,31,14000,14000,16161300,16,161300,CA 16 Tract 161300,,Irving Park
IL,80,31,14000,14000,17170100,17,170100,CA 17 Tract 170100,,Dunning
IL,80,31,14000,14000,17170200,17,170200,CA 17 Tract 170200,,Dunning
IL,80,31,14000,14000,17170300,17,170300,CA 17 Tract 170300,,Dunning
IL,80,31,14000,14000,17170400,17,170400,CA 17 Tract 170400,,Dunning
IL,80,31,14000,14000,17170500,17,170500,CA 17 Tract 170500,,Dunning
IL,80,31,14000,14000,17170600,17,170600,CA 17 Tract 170600,,Dunning
IL,80,31,14000,14000,17170700,17,170700,CA 17 Tract 170700,,Dunning
IL,80,31,14000,14000,17170800,17,170800,CA 17 Tract 170800,,Dunning
IL,80,31,14000,14000,17170900,17,170900,CA 17 Tract 170900,,Dunning
IL,80,31,14000,14000,17171000,17,171000,CA 17 Tract 171000,,Dunning
IL,80,31,14000,14000,17171100,17,171100,CA 17 Tract 171100,,Dunning
IL,80,31,14000,14000,18180100,18,180100,CA 18 Tract 180100,,Montclare
IL,80,31,14000,14000,18831600,18,831600,CA 18 Tract 831600,,Montclare
IL,80,31,14000,14000,19190100,19,190100,CA 19 Tract 190100,,Belmont Cragin
IL,80,31,14000,14000,19190200,19,190200,CA 19 Tract 190200,,Belmont Cragin
IL,80,31,14000,14000,19190300,19,190300,CA 19 Tract 190300,,Belmont Cragin
IL,80,31,14000,14000,19190401,19,190401,CA 19 Tract 190401,,Belmont Cragin
IL,80,31,14000,14000,19190402,19,190402,CA 19 Tract 190402,,Belmont Cragin
IL,80,31,14000,14000,19190601,19,190601,CA 19 Tract 190601,,Belmont Cragin
IL,80,31,14000,14000,19190602,19,190602,CA 19 Tract 190602,,Belmont Cragin
IL,80,31,14000,14000,19190701,19,190701,CA 19 Tract 190701,,Belmont Cragin
IL,80,31,14000,14000,19190702,19,190702,CA 19 Tract 190702,,Belmont Cragin
IL,80,31,14000,14000,19190800,19,190800,CA 19 Tract 190800,,Belmont Cragin
IL,80,31,14000,14000,19190900,19,190900,CA 19 Tract 190900,,Belmont Cragin
IL,80,31,14000,14000,19191000,19,191000,CA 19 Tract 191000,,Belmont Cragin
IL,80,31,14000,14000,19191100,19,191100,CA 19 Tract 191100,,Belmont Cragin
IL,80,31,14000,14000,19191200,19,191200,CA 19 Tract 191200,,Belmont Cragin
IL,80,31,14000,14000,19191301,19,191301,CA 19 Tract 191301,,Belmont Cragin
IL,80,31,14000,14000,19191302,19,191302,CA 19 Tract 191302,,Belmont Cragin
IL,80,31,14000,14000,19831500,19,831500,CA 19 Tract 831500,,Belmont Cragin
IL,80,31,14000,14000,20200100,20,200100,CA 20 Tract 200100,,Hermosa
IL,80,31,14000,14000,20200200,20,200200,CA 20 Tract 200200,,Hermosa
IL,80,31,14000,14000,20200300,20,200300,CA 20 Tract 200300,,Hermosa
IL,80,31,14000,14000,20200401,20,200401,CA 20 Tract 200401,,Hermosa
IL,80,31,14000,14000,20200402,20,200402,CA 20 Tract 200402,,Hermosa
IL,80,31,14000,14000,20831200,20,831200,CA 20 Tract 831200,,Hermosa
IL,80,31,14000,14000,21210100,21,210100,CA 21 Tract 210100,,Avondale
IL,80,31,14000,14000,21210400,21,210400,CA 21 Tract 210400,,Avondale
IL,80,31,14000,14000,21210501,21,210501,CA 21 Tract 210501,,Avondale
IL,80,31,14000,14000,21210502,21,210502,CA 21 Tract 210502,,Avondale
IL,80,31,14000,14000,21210601,21,210601,CA 21 Tract 210601,,Avondale
IL,80,31,14000,14000,21210602,21,210602,CA 21 Tract 210602,,Avondale
IL,80,31,14000,14000,21210700,21,210700,CA 21 Tract 210700,,Avondale
IL,80,31,14000,14000,21210800,21,210800,CA 21 Tract 210800,,Avondale
IL,80,31,14000,14000,21210900,21,210900,CA 21 Tract 210900,,Avondale
IL,80,31,14000,14000,21831100,21,831100,CA 21 Tract 831100,,Avondale
IL,80,31,14000,14000,22220300,22,220300,CA 22 Tract 220300,,Logan Square
IL,80,31,14000,14000,22220400,22,220400,CA 22 Tract 220400,,Logan Square
IL,80,31,14000,14000,22220500,22,220500,CA 22 Tract 220500,,Logan Square
IL,80,31,14000,14000,22220601,22,220601,CA 22 Tract 220601,,Logan Square
IL,80,31,14000,14000,22220602,22,220602,CA 22 Tract 220602,,Logan Square
IL,80,31,14000,14000,22220701,22,220701,CA 22 Tract 220701,,Logan Square
IL,80,31,14000,14000,22220702,22,220702,CA 22 Tract 220702,,Logan Square
IL,80,31,14000,14000,22220901,22,220901,CA 22 Tract 220901,,Logan Square
IL,80,31,14000,14000,22220902,22,220902,CA 22 Tract 220902,,Logan Square
IL,80,31,14000,14000,22221000,22,221000,CA 22 Tract 221000,,Logan Square
IL,80,31,14000,14000,22221100,22,221100,CA 22 Tract 221100,,Logan Square
IL,80,31,14000,14000,22221200,22,221200,CA 22 Tract 221200,,Logan Square
IL,80,31,14000,14000,22221300,22,221300,CA 22 Tract 221300,,Logan Square
IL,80,31,14000,14000,22221400,22,221400,CA 22 Tract 221400,,Logan Square
IL,80,31,14000,14000,22221500,22,221500,CA 22 Tract 221500,,Logan Square
IL,80,31,14000,14000,22221600,22,221600,CA 22 Tract 221600,,Logan Square
IL,80,31,14000,14000,22222200,22,222200,CA 22 Tract 222200,,Logan Square
IL,80,31,14000,14000,22222500,22,222500,CA 22 Tract 222500,,Logan Square
IL,80,31,14000,14000,22222600,22,222600,CA 22 Tract 222600,,Logan Square
IL,80,31,14000,14000,22222700,22,222700,CA 22 Tract 222700,,Logan Square
IL,80,31,14000,14000,22222800,22,222800,CA 22 Tract 222800,,Logan Square
IL,80,31,14000,14000,22222900,22,222900,CA 22 Tract 222900,,Logan Square
IL,80,31,14000,14000,22830900,22,830900,CA 22 Tract 830900,,Logan Square
IL,80,31,14000,14000,22831000,22,831000,CA 22 Tract 831000,,Logan Square
IL,80,31,14000,14000,22832200,22,832200,CA 22 Tract 832200,,Logan Square
IL,80,31,14000,14000,22832300,22,832300,CA 22 Tract 832300,,Logan Square
IL,80,31,14000,14000,22832400,22,832400,CA 22 Tract 832400,,Logan Square
IL,80,31,14000,14000,23230100,23,230100,CA 23 Tract 230100,,Humboldt Park
IL,80,31,14000,14000,23230200,23,230200,CA 23 Tract 230200,,Humboldt Park
IL,80,31,14000,14000,23230300,23,230300,CA 23 Tract 230300,,Humboldt Park
IL,80,31,14000,14000,23230400,23,230400,CA 23 Tract 230400,,Humboldt Park
IL,80,31,14000,14000,23230500,23,230500,CA 23 Tract 230500,,Humboldt Park
IL,80,31,14000,14000,23230600,23,230600,CA 23 Tract 230600,,Humboldt Park
IL,80,31,14000,14000,23230700,23,230700,CA 23 Tract 230700,,Humboldt Park
IL,80,31,14000,14000,23230800,23,230800,CA 23 Tract 230800,,Humboldt Park
IL,80,31,14000,14000,23230900,23,230900,CA 23 Tract 230900,,Humboldt Park
IL,80,31,14000,14000,23231100,23,231100,CA 23 Tract 231100,,Humboldt Park
IL,80,31,14000,14000,23231200,23,231200,CA 23 Tract 231200,,Humboldt Park
IL,80,31,14000,14000,23231500,23,231500,CA 23 Tract 231500,,Humboldt Park
IL,80,31,14000,14000,23836600,23,836600,CA 23 Tract 836600,,Humboldt Park
IL,80,31,14000,14000,23836700,23,836700,CA 23 Tract 836700,,Humboldt Park
IL,80,31,14000,14000,23842100,23,842100,CA 23 Tract 842100,,Humboldt Park
IL,80,31,14000,14000,24240200,24,240200,CA 24 Tract 240200,,West Town
IL,80,31,14000,14000,24240300,24,240300,CA 24 Tract 240300,,West Town
IL,80,31,14000,14000,24240500,24,240500,CA 24 Tract 240500,,West Town
IL,80,31,14000,14000,24240600,24,240600,CA 24 Tract 240600,,West Town
IL,80,31,14000,14000,24240700,24,240700,CA 24 Tract 240700,,West Town
IL,80,31,14000,14000,24240800,24,240800,CA 24 Tract 240800,,West Town
IL,80,31,14000,14000,24240900,24,240900,CA 24 Tract 240900,,West Town
IL,80,31,14000,14000,24241000,24,241000,CA 24 Tract 241000,,West Town
IL,80,31,14000,14000,24241100,24,241100,CA 24 Tract 241100,,West Town
IL,80,31,14000,14000,24241200,24,241200,CA 24 Tract 241200,,West Town
IL,80,31,14000,14000,24241300,24,241300,CA 24 Tract 241300,,West Town
IL,80,31,14000,14000,24241400,24,241400,CA 24 Tract 241400,,West Town
IL,80,31,14000,14000,24241500,24,241500,CA 24 Tract 241500,,West Town
IL,80,31,14000,14000,24241600,24,241600,CA 24 Tract 241600,,West Town
IL,80,31,14000,14000,24242000,24,242000,CA 24 Tract 242000,,West Town
IL,80,31,14000,14000,24242100,24,242100,CA 24 Tract 242100,,West Town
IL,80,31,14000,14000,24242200,24,242200,CA 24 Tract 242200,,West Town
IL,80,31,14000,14000,24242300,24,242300,CA 24 Tract 242300,,West Town
IL,80,31,14000,14000,24242400,24,242400,CA 24 Tract 242400,,West Town
IL,80,31,14000,14000,24242500,24,242500,CA 24 Tract 242500,,West Town
IL,80,31,14000,14000,24242600,24,242600,CA 24 Tract 242600,,West Town
IL,80,31,14000,14000,24242700,24,242700,CA 24 Tract 242700,,West Town
IL,80,31,14000,14000,24242800,24,242800,CA 24 Tract 242800,,West Town
IL,80,31,14000,14000,24242900,24,242900,CA 24 Tract 242900,,West Town
IL,80,31,14000,14000,24243000,24,243000,CA 24 Tract 243000,,West Town
IL,80,31,14000,14000,24243100,24,243100,CA 24 Tract 243100,,West Town
IL,80,31,14000,14000,24243200,24,243200,CA 24 Tract 243200,,West Town
IL,80,31,14000,14000,24243300,24,243300,CA 24 Tract 243300,,West Town
IL,80,31,14000,14000,24243400,24,243400,CA 24 Tract 243400,,West Town
IL,80,31,14000,14000,24243500,24,243500,CA 24 Tract 243500,,West Town
IL,80,31,14000,14000,24842300,24,842300,CA 24 Tract 842300,,West Town
IL,80,31,14000,14000,25250200,25,250200,CA 25 Tract 250200,,Austin
IL,80,31,14000,14000,25250300,25,250300,CA 25 Tract 250300,,Austin
IL,80,31,14000,14000,25250400,25,250400,CA 25 Tract 250400,,Austin
IL,80,31,14000,14000,25250500,25,250500,CA 25 Tract 250500,,Austin
IL,80,31,14000,14000,25250600,25,250600,CA 25 Tract 250600,,Austin
IL,80,31,14000,14000,25250700,25,250700,CA 25 Tract 250700,,Austin
IL,80,31,14000,14000,25250800,25,250800,CA 25 Tract 250800,,Austin
IL,80,31,14000,14000,25251000,25,251000,CA 25 Tract 251000,,Austin
IL,80,31,14000,14000,25251100,25,251100,CA 25 Tract 251100,,Austin
IL,80,31,14000,14000,25251200,25,251200,CA 25 Tract 251200,,Austin
IL,80,31,14000,14000,25251300,25,251300,CA 25 Tract 251300,,Austin
IL,80,31,14000,14000,25251400,25,251400,CA 25 Tract 251400,,Austin
IL,80,31,14000,14000,25251500,25,251500,CA 25 Tract 251500,,Austin
IL,80,31,14000,14000,25251600,25,251600,CA 25 Tract 251600,,Austin
IL,80,31,14000,14000,25251700,25,251700,CA 25 Tract 251700,,Austin
IL,80,31,14000,14000,25251800,25,251800,CA 25 Tract 251800,,Austin
IL,80,31,14000,14000,25251900,25,251900,CA 25 Tract 251900,,Austin
IL,80,31,14000,14000,25252000,25,252000,CA 25 Tract 252000,,Austin
IL,80,31,14000,14000,25252101,25,252101,CA 25 Tract 252101,,Austin
IL,80,31,14000,14000,25252102,25,252102,CA 25 Tract 252102,,Austin
IL,80,31,14000,14000,25252201,25,252201,CA 25 Tract 252201,,Austin
IL,80,31,14000,14000,25252202,25,252202,CA 25 Tract 252202,,Austin
IL,80,31,14000,14000,25831300,25,831300,CA 25 Tract 831300,,Austin
IL,80,31,14000,14000,25831400,25,831400,CA 25 Tract 831400,,Austin
IL,80,31,14000,14000,26260100,26,260100,CA 26 Tract 260100,,West Garfield Park
IL,80,31,14000,14000,26260200,26,260200,CA 26 Tract 260200,,West Garfield Park
IL,80,31,14000,14000,26260300,26,260300,CA 26 Tract 260300,,West Garfield Park
IL,80,31,14000,14000,26260400,26,260400,CA 26 Tract 260400,,West Garfield Park
IL,80,31,14000,14000,26260500,26,260500,CA 26 Tract 260500,,West Garfield Park
IL,80,31,14000,14000,26260600,26,260600,CA 26 Tract 260600,,West Garfield Park
IL,80,31,14000,14000,26260700,26,260700,CA 26 Tract 260700,,West Garfield Park
IL,80,31,14000,14000,26260800,26,260800,CA 26 Tract 260800,,West Garfield Park
IL,80,31,14000,14000,26260900,26,260900,CA 26 Tract 260900,,West Garfield Park
IL,80,31,14000,14000,26261000,26,261000,CA 26 Tract 261000,,West Garfield Park
IL,80,31,14000,14000,27270500,27,270500,CA 27 Tract 270500,,East Garfield Park
IL,80,31,14000,14000,27271200,27,271200,CA 27 Tract 271200,,East Garfield Park
IL,80,31,14000,14000,27271300,27,271300,CA 27 Tract 271300,,East Garfield Park
IL,80,31,14000,14000,27271400,27,271400,CA 27 Tract 271400,,East Garfield Park
IL,80,31,14000,14000,27271500,27,271500,CA 27 Tract 271500,,East Garfield Park
IL,80,31,14000,14000,27271800,27,271800,CA 27 Tract 271800,,East Garfield Park
IL,80,31,14000,14000,27836800,27,836800,CA 27 Tract 836800,,East Garfield Park
IL,80,31,14000,14000,27836900,27,836900,CA 27 Tract 836900,,East Garfield Park
IL,80,31,14000,14000,27837000,27,837000,CA 27 Tract 837000,,East Garfield Park
IL,80,31,14000,14000,27837100,27,837100,CA 27 Tract 837100,,East Garfield Park
IL,80,31,14000,14000,27837300,27,837300,CA 27 Tract 837300,,East Garfield Park
IL,80,31,14000,14000,27837400,27,837400,CA 27 Tract 837400,,East Garfield Park
IL,80,31,14000,14000,28280100,28,280100,CA 28 Tract 280100,,Near West Side
IL,80,31,14000,14000,28280400,28,280400,CA 28 Tract 280400,,Near West Side
IL,80,31,14000,14000,28280800,28,280800,CA 28 Tract 280800,,Near West Side
IL,80,31,14000,14000,28280900,28,280900,CA 28 Tract 280900,,Near West Side
IL,80,31,14000,14000,28281900,28,281900,CA 28 Tract 281900,,Near West Side
IL,80,31,14000,14000,28282700,28,282700,CA 28 Tract 282700,,Near West Side
IL,80,31,14000,14000,28282800,28,282800,CA 28 Tract 282800,,Near West Side
IL,80,31,14000,14000,28283100,28,283100,CA 28 Tract 283100,,Near West Side
IL,80,31,14000,14000,28283200,28,283200,CA 28 Tract 283200,,Near West Side
IL,80,31,14000,14000,28283800,28,283800,CA 28 Tract 283800,,Near West Side
IL,80,31,14000,14000,28832900,28,832900,CA 28 Tract 832900,,Near West Side
IL,80,31,14000,14000,28833000,28,833000,CA 28 Tract 833000,,Near West Side
IL,80,31,14000,14000,28833100,28,833100,CA 28 Tract 833100,,Near West Side
IL,80,31,14000,14000,28833300,28,833300,CA 28 Tract 833300,,Near West Side
IL,80,31,14000,14000,28837800,28,837800,CA 28 Tract 837800,,Near West Side
IL,80,31,14000,14000,28838000,28,838000,CA 28 Tract 838000,,Near West Side
IL,80,31,14000,14000,28838100,28,838100,CA 28 Tract 838100,,Near West Side
IL,80,31,14000,14000,28838200,28,838200,CA 28 Tract 838200,,Near West Side
IL,80,31,14000,14000,28841900,28,841900,CA 28 Tract 841900,,Near West Side
IL,80,31,14000,14000,28842900,28,842900,CA 28 Tract 842900,,Near West Side
IL,80,31,14000,14000,29290900,29,290900,CA 29 Tract 290900,,North Lawndale
IL,80,31,14000,14000,29291200,29,291200,CA 29 Tract 291200,,North Lawndale
IL,80,31,14000,14000,29291600,29,291600,CA 29 Tract 291600,,North Lawndale
IL,80,31,14000,14000,29292200,29,292200,CA 29 Tract 292200,,North Lawndale
IL,80,31,14000,14000,29292400,29,292400,CA 29 Tract 292400,,North Lawndale
IL,80,31,14000,14000,29292500,29,292500,CA 29 Tract 292500,,North Lawndale
IL,80,31,14000,14000,29838600,29,838600,CA 29 Tract 838600,,North Lawndale
IL,80,31,14000,14000,29838700,29,838700,CA 29 Tract 838700,,North Lawndale
IL,80,31,14000,14000,29841400,29,841400,CA 29 Tract 841400,,North Lawndale
IL,80,31,14000,14000,29841500,29,841500,CA 29 Tract 841500,,North Lawndale
IL,80,31,14000,14000,29841600,29,841600,CA 29 Tract 841600,,North Lawndale
IL,80,31,14000,14000,29843000,29,843000,CA 29 Tract 843000,,North Lawndale
IL,80,31,14000,14000,29843100,29,843100,CA 29 Tract 843100,,North Lawndale
IL,80,31,14000,14000,29843300,29,843300,CA 29 Tract 843300,,North Lawndale
IL,80,31,14000,14000,29843400,29,843400,CA 29 Tract 843400,,North Lawndale
IL,80,31,14000,14000,30300500,30,300500,CA 30 Tract 300500,,South Lawndale
IL,80,31,14000,14000,30300600,30,300600,CA 30 Tract 300600,,South Lawndale
IL,80,31,14000,14000,30300700,30,300700,CA 30 Tract 300700,,South Lawndale
IL,80,31,14000,14000,30300800,30,300800,CA 30 Tract 300800,,South Lawndale
IL,80,31,14000,14000,30300900,30,300900,CA 30 Tract 300900,,South Lawndale
IL,80,31,14000,14000,30301100,30,301100,CA 30 Tract 301100,,South Lawndale
IL,80,31,14000,14000,30301200,30,301200,CA 30 Tract 301200,,South Lawndale
IL,80,31,14000,14000,30301600,30,301600,CA 30 Tract 301600,,South Lawndale
IL,80,31,14000,14000,30301701,30,301701,CA 30 Tract 301701,,South Lawndale
IL,80,31,14000,14000,30301702,30,301702,CA 30 Tract 301702,,South Lawndale
IL,80,31,14000,14000,30301801,30,301801,CA 30 Tract 301801,,South Lawndale
IL,80,31,14000,14000,30301802,30,301802,CA 30 Tract 301802,,South Lawndale
IL,80,31,14000,14000,30301803,30,301803,CA 30 Tract 301803,,South Lawndale
IL,80,31,14000,14000,30830500,30,830500,CA 30 Tract 830500,,South Lawndale
IL,80,31,14000,14000,30840700,30,840700,CA 30 Tract 840700,,South Lawndale
IL,80,31,14000,14000,30840800,30,840800,CA 30 Tract 840800,,South Lawndale
IL,80,31,14000,14000,30841700,30,841700,CA 30 Tract 841700,,South Lawndale
IL,80,31,14000,14000,30843500,30,843500,CA 30 Tract 843500,,South Lawndale
IL,80,31,14000,14000,31310200,31,310200,CA 31 Tract 310200,,Lower West Side
IL,80,31,14000,14000,31310300,31,310300,CA 31 Tract 310300,,Lower West Side
IL,80,31,14000,14000,31310400,31,310400,CA 31 Tract 310400,,Lower West Side
IL,80,31,14000,14000,31310500,31,310500,CA 31 Tract 310500,,Lower West Side
IL,80,31,14000,14000,31310600,31,310600,CA 31 Tract 310600,,Lower West Side
IL,80,31,14000,14000,31310700,31,310700,CA 31 Tract 310700,,Lower West Side
IL,80,31,14000,14000,31310800,31,310800,CA 31 Tract 310800,,Lower West Side
IL,80,31,14000,14000,31310900,31,310900,CA 31 Tract 310900,,Lower West Side
IL,80,31,14000,14000,31841200,31,841200,CA 31 Tract 841200,,Lower West Side
IL,80,31,14000,14000,31841300,31,841300,CA 31 Tract 841300,,Lower West Side
IL,80,31,14000,14000,31843200,31,843200,CA 31 Tract 843200,,Lower West Side
IL,80,31,14000,14000,32320100,32,320100,CA 32 Tract 320100,,Loop
IL,80,31,14000,14000,32320400,32,320400,CA 32 Tract 320400,,Loop
IL,80,31,14000,14000,32320600,32,320600,CA 32 Tract 320600,,Loop
IL,80,31,14000,14000,32839000,32,839000,CA 32 Tract 839000,,Loop
IL,80,31,14000,14000,32839100,32,839100,CA 32 Tract 839100,,Loop
IL,80,31,14000,14000,33330100,33,330100,CA 33 Tract 330100,,Near South Side
IL,80,31,14000,14000,33330200,33,330200,CA 33 Tract 330200,,Near South Side
IL,80,31,14000,14000,33841000,33,841000,CA 33 Tract 841000,,Near South Side
IL,80,31,14000,14000,34340300,34,340300,CA 34 Tract 340300,,Armour Square
IL,80,31,14000,14000,34340400,34,340400,CA 34 Tract 340400,,Armour Square
IL,80,31,14000,14000,34340500,34,340500,CA 34 Tract 340500,,Armour Square
IL,80,31,14000,14000,34340600,34,340600,CA 34 Tract 340600,,Armour Square
IL,80,31,14000,14000,34841100,34,841100,CA 34 Tract 841100,,Armour Square
IL,80,31,14000,14000,35350100,35,350100,CA 35 Tract 350100,,Douglas
IL,80,31,14000,14000,35350400,35,350400,CA 35 Tract 350400,,Douglas
IL,80,31,14000,14000,35351000,35,351000,CA 35 Tract 351000,,Douglas
IL,80,31,14000,14000,35351100,35,351100,CA 35 Tract 351100,,Douglas
IL,80,31,14000,14000,35351400,35,351400,CA 35 Tract 351400,,Douglas
IL,80,31,14000,14000,35351500,35,351500,CA 35 Tract 351500,,Douglas
IL,80,31,14000,14000,35839200,35,839200,CA 35 Tract 839200,,Douglas
IL,80,31,14000,14000,35839500,35,839500,CA 35 Tract 839500,,Douglas
IL,80,31,14000,14000,35839600,35,839600,CA 35 Tract 839600,,Douglas
IL,80,31,14000,14000,35842000,35,842000,CA 35 Tract 842000,,Douglas
IL,80,31,14000,14000,36360200,36,360200,CA 36 Tract 360200,,Oakland
IL,80,31,14000,14000,36836400,36,836400,CA 36 Tract 836400,,Oakland
IL,80,31,14000,14000,36836500,36,836500,CA 36 Tract 836500,,Oakland
IL,80,31,14000,14000,37835500,37,835500,CA 37 Tract 835500,,Fuller Park
IL,80,31,14000,14000,37835600,37,835600,CA 37 Tract 835600,,Fuller Park
IL,80,31,14000,14000,38380100,38,380100,CA 38 Tract 380100,,Grand Boulevard
IL,80,31,14000,14000,38380200,38,380200,CA 38 Tract 380200,,Grand Boulevard
IL,80,31,14000,14000,38380500,38,380500,CA 38 Tract 380500,,Grand Boulevard
IL,80,31,14000,14000,38380700,38,380700,CA 38 Tract 380700,,Grand Boulevard
IL,80,31,14000,14000,38381200,38,381200,CA 38 Tract 381200,,Grand Boulevard
IL,80,31,14000,14000,38381400,38,381400,CA 38 Tract 381400,,Grand Boulevard
IL,80,31,14000,14000,38381500,38,381500,CA 38 Tract 381500,,Grand Boulevard
IL,80,31,14000,14000,38381700,38,381700,CA 38 Tract 381700,,Grand Boulevard
IL,80,31,14000,14000,38381800,38,381800,CA 38 Tract 381800,,Grand Boulevard
IL,80,31,14000,14000,38381900,38,381900,CA 38 Tract 381900,,Grand Boulevard
IL,80,31,14000,14000,38835700,38,835700,CA 38 Tract 835700,,Grand Boulevard
IL,80,31,14000,14000,38835800,38,835800,CA 38 Tract 835800,,Grand Boulevard
IL,80,31,14000,14000,38835900,38,835900,CA 38 Tract 835900,,Grand Boulevard
IL,80,31,14000,14000,38836000,38,836000,CA 38 Tract 836000,,Grand Boulevard
IL,80,31,14000,14000,38843600,38,843600,CA 38 Tract 843600,,Grand Boulevard
IL,80,31,14000,14000,39390100,39,390100,CA 39 Tract 390100,,Kenwood
IL,80,31,14000,14000,39390200,39,390200,CA 39 Tract 390200,,Kenwood
IL,80,31,14000,14000,39390300,39,390300,CA 39 Tract 390300,,Kenwood
IL,80,31,14000,14000,39390400,39,390400,CA 39 Tract 390400,,Kenwood
IL,80,31,14000,14000,39390500,39,390500,CA 39 Tract 390500,,Kenwood
IL,80,31,14000,14000,39390600,39,390600,CA 39 Tract 390600,,Kenwood
IL,80,31,14000,14000,39390700,39,390700,CA 39 Tract 390700,,Kenwood
IL,80,31,14000,14000,40400300,40,400300,CA 40 Tract 400300,,Washington Park
IL,80,31,14000,14000,40400400,40,400400,CA 40 Tract 400400,,Washington Park
IL,80,31,14000,14000,40400500,40,400500,CA 40 Tract 400500,,Washington Park
IL,80,31,14000,14000,40400800,40,400800,CA 40 Tract 400800,,Washington Park
IL,80,31,14000,14000,40834500,40,834500,CA 40 Tract 834500,,Washington Park
IL,80,31,14000,14000,40836100,40,836100,CA 40 Tract 836100,,Washington Park
IL,80,31,14000,14000,41410100,41,410100,CA 41 Tract 410100,,Hyde Park
IL,80,31,14000,14000,41410200,41,410200,CA 41 Tract 410200,,Hyde Park
IL,80,31,14000,14000,41410500,41,410500,CA 41 Tract 410500,,Hyde Park
IL,80,31,14000,14000,41410600,41,410600,CA 41 Tract 410600,,Hyde Park
IL,80,31,14000,14000,41410700,41,410700,CA 41 Tract 410700,,Hyde Park
IL,80,31,14000,14000,41410800,41,410800,CA 41 Tract 410800,,Hyde Park
IL,80,31,14000,14000,41410900,41,410900,CA 41 Tract 410900,,Hyde Park
IL,80,31,14000,14000,41411000,41,411000,CA 41 Tract 411000,,Hyde Park
IL,80,31,14000,14000,41411100,41,411100,CA 41 Tract 411100,,Hyde Park
IL,80,31,14000,14000,41411200,41,411200,CA 41 Tract 411200,,Hyde Park
IL,80,31,14000,14000,41836200,41,836200,CA 41 Tract 836200,,Hyde Park
IL,80,31,14000,14000,41836300,41,836300,CA 41 Tract 836300,,Hyde Park
IL,80,31,14000,14000,42420100,42,420100,CA 42 Tract 420100,,Woodlawn
IL,80,31,14000,14000,42420200,42,420200,CA 42 Tract 420200,,Woodlawn
IL,80,31,14000,14000,42420300,42,420300,CA 42 Tract 420300,,Woodlawn
IL,80,31,14000,14000,42420400,42,420400,CA 42 Tract 420400,,Woodlawn
IL,80,31,14000,14000,42420500,42,420500,CA 42 Tract 420500,,Woodlawn
IL,80,31,14000,14000,42420600,42,420600,CA 42 Tract 420600,,Woodlawn
IL,80,31,14000,14000,42420700,42,420700,CA 42 Tract 420700,,Woodlawn
IL,80,31,14000,14000,42420800,42,420800,CA 42 Tract 420800,,Woodlawn
IL,80,31,14000,14000,42421200,42,421200,CA 42 Tract 421200,,Woodlawn
IL,80,31,14000,14000,42834400,42,834400,CA 42 Tract 834400,,Woodlawn
IL,80,31,14000,14000,42843900,42,843900,CA 42 Tract 843900,,Woodlawn
IL,80,31,14000,14000,43430101,43,430101,CA 43 Tract 430101,,South Shore
IL,80,31,14000,14000,43430102,43,430102,CA 43 Tract 430102,,South Shore
IL,80,31,14000,14000,43430200,43,430200,CA 43 Tract 430200,,South Shore
IL,80,31,14000,14000,43430300,43,430300,CA 43 Tract 430300,,South Shore
IL,80,31,14000,14000,43430400,43,430400,CA 43 Tract 430400,,South Shore
IL,80,31,14000,14000,43430500,43,430500,CA 43 Tract 430500,,South Shore
IL,80,31,14000,14000,43430600,43,430600,CA 43 Tract 430600,,South Shore
IL,80,31,14000,14000,43430700,43,430700,CA 43 Tract 430700,,South Shore
IL,80,31,14000,14000,43430800,43,430800,CA 43 Tract 430800,,South Shore
IL,80,31,14000,14000,43430900,43,430900,CA 43 Tract 430900,,South Shore
IL,80,31,14000,14000,43431200,43,431200,CA 43 Tract 431200,,South Shore
IL,80,31,14000,14000,43431301,43,431301,CA 43 Tract 431301,,South Shore
IL,80,31,14000,14000,43431302,43,431302,CA 43 Tract 431302,,South Shore
IL,80,31,14000,14000,43431400,43,431400,CA 43 Tract 431400,,South Shore
IL,80,31,14000,14000,43834200,43,834200,CA 43 Tract 834200,,South Shore
IL,80,31,14000,14000,44440101,44,440101,CA 44 Tract 440101,,Chatham
IL,80,31,14000,14000,44440102,44,440102,CA 44 Tract 440102,,Chatham
IL,80,31,14000,14000,44440201,44,440201,CA 44 Tract 440201,,Chatham
IL,80,31,14000,14000,44440202,44,440202,CA 44 Tract 440202,,Chatham
IL,80,31,14000,14000,44440300,44,440300,CA 44 Tract 440300,,Chatham
IL,80,31,14000,14000,44440600,44,440600,CA 44 Tract 440600,,Chatham
IL,80,31,14000,14000,44440700,44,440700,CA 44 Tract 440700,,Chatham
IL,80,31,14000,14000,44440800,44,440800,CA 44 Tract 440800,,Chatham
IL,80,31,14000,14000,44440900,44,440900,CA 44 Tract 440900,,Chatham
IL,80,31,14000,14000,44842400,44,842400,CA 44 Tract 842400,,Chatham
IL,80,31,14000,14000,45450300,45,450300,CA 45 Tract 450300,,Avalon Park
IL,80,31,14000,14000,45834300,45,834300,CA 45 Tract 834300,,Avalon Park
IL,80,31,14000,14000,46460100,46,460100,CA 46 Tract 460100,,South Chicago
IL,80,31,14000,14000,46460200,46,460200,CA 46 Tract 460200,,South Chicago
IL,80,31,14000,14000,46460301,46,460301,CA 46 Tract 460301,,South Chicago
IL,80,31,14000,14000,46460302,46,460302,CA 46 Tract 460302,,South Chicago
IL,80,31,14000,14000,46460400,46,460400,CA 46 Tract 460400,,South Chicago
IL,80,31,14000,14000,46460500,46,460500,CA 46 Tract 460500,,South Chicago
IL,80,31,14000,14000,46460600,46,460600,CA 46 Tract 460600,,South Chicago
IL,80,31,14000,14000,46460700,46,460700,CA 46 Tract 460700,,South Chicago
IL,80,31,14000,14000,46461000,46,461000,CA 46 Tract 461000,,South Chicago
IL,80,31,14000,14000,46833900,46,833900,CA 46 Tract 833900,,South Chicago
IL,80,31,14000,14000,47470100,47,470100,CA 47 Tract 470100,,Burnside
IL,80,31,14000,14000,48480100,48,480100,CA 48 Tract 480100,,Calumet Heights
IL,80,31,14000,14000,48480200,48,480200,CA 48 Tract 480200,,Calumet Heights
IL,80,31,14000,14000,48480300,48,480300,CA 48 Tract 480300,,Calumet Heights
IL,80,31,14000,14000,48480400,48,480400,CA 48 Tract 480400,,Calumet Heights
IL,80,31,14000,14000,48480500,48,480500,CA 48 Tract 480500,,Calumet Heights
IL,80,31,14000,14000,49490300,49,490300,CA 49 Tract 490300,,Roseland
IL,80,31,14000,14000,49490400,49,490400,CA 49 Tract 490400,,Roseland
IL,80,31,14000,14000,49490500,49,490500,CA 49 Tract 490500,,Roseland
IL,80,31,14000,14000,49490600,49,490600,CA 49 Tract 490600,,Roseland
IL,80,31,14000,14000,49490700,49,490700,CA 49 Tract 490700,,Roseland
IL,80,31,14000,14000,49490800,49,490800,CA 49 Tract 490800,,Roseland
IL,80,31,14000,14000,49490901,49,490901,CA 49 Tract 490901,,Roseland
IL,80,31,14000,14000,49490902,49,490902,CA 49 Tract 490902,,Roseland
IL,80,31,14000,14000,49491000,49,491000,CA 49 Tract 491000,,Roseland
IL,80,31,14000,14000,49491100,49,491100,CA 49 Tract 491100,,Roseland
IL,80,31,14000,14000,49491200,49,491200,CA 49 Tract 491200,,Roseland
IL,80,31,14000,14000,49491300,49,491300,CA 49 Tract 491300,,Roseland
IL,80,31,14000,14000,49491400,49,491400,CA 49 Tract 491400,,Roseland
IL,80,31,14000,14000,49834000,49,834000,CA 49 Tract 834000,,Roseland
IL,80,31,14000,14000,50500100,50,500100,CA 50 Tract 500100,,Pullman
IL,80,31,14000,14000,50500200,50,500200,CA 50 Tract 500200,,Pullman
IL,80,31,14000,14000,50500300,50,500300,CA 50 Tract 500300,,Pullman
IL,80,31,14000,14000,51510100,51,510100,CA 51 Tract 510100,,South Deering
IL,80,31,14000,14000,51510200,51,510200,CA 51 Tract 510200,,South Deering
IL,80,31,14000,14000,51510300,51,510300,CA 51 Tract 510300,,South Deering
IL,80,31,14000,14000,51838800,51,838800,CA 51 Tract 838800,,South Deering
IL,80,31,14000,14000,52520100,52,520100,CA 52 Tract 520100,,East Side
IL,80,31,14000,14000,52520200,52,520200,CA 52 Tract 520200,,East Side
IL,80,31,14000,14000,52520300,52,520300,CA 52 Tract 520300,,East Side
IL,80,31,14000,14000,52520400,52,520400,CA 52 Tract 520400,,East Side
IL,80,31,14000,14000,52520500,52,520500,CA 52 Tract 520500,,East Side
IL,80,31,14000,14000,52520600,52,520600,CA 52 Tract 520600,,East Side
IL,80,31,14000,14000,53530100,53,530100,CA 53 Tract 530100,,West Pullman
IL,80,31,14000,14000,53530200,53,530200,CA 53 Tract 530200,,West Pullman
IL,80,31,14000,14000,53530300,53,530300,CA 53 Tract 530300,,West Pullman
IL,80,31,14000,14000,53530400,53,530400,CA 53 Tract 530400,,West Pullman
IL,80,31,14000,14000,53530501,53,530501,CA 53 Tract 530501,,West Pullman
IL,80,31,14000,14000,53530502,53,530502,CA 53 Tract 530502,,West Pullman
IL,80,31,14000,14000,53530503,53,530503,CA 53 Tract 530503,,West Pullman
IL,80,31,14000,14000,53530600,53,530600,CA 53 Tract 530600,,West Pullman
IL,80,31,14000,14000,54540101,54,540101,CA 54 Tract 540101,,Riverdale
IL,80,31,14000,14000,54540102,54,540102,CA 54 Tract 540102,,Riverdale
IL,80,31,14000,14000,55550100,55,550100,CA 55 Tract 550100,,Hegewisch
IL,80,31,14000,14000,55550200,55,550200,CA 55 Tract 550200,,Hegewisch
IL,80,31,14000,14000,56560100,56,560100,CA 56 Tract 560100,,Garfield Ridge
IL,80,31,14000,14000,56560200,56,560200,CA 56 Tract 560200,,Garfield Ridge
IL,80,31,14000,14000,56560300,56,560300,CA 56 Tract 560300,,Garfield Ridge
IL,80,31,14000,14000,56560400,56,560400,CA 56 Tract 560400,,Garfield Ridge
IL,80,31,14000,14000,56560700,56,560700,CA 56 Tract 560700,,Garfield Ridge
IL,80,31,14000,14000,56560800,56,560800,CA 56 Tract 560800,,Garfield Ridge
IL,80,31,14000,14000,56560900,56,560900,CA 56 Tract 560900,,Garfield Ridge
IL,80,31,14000,14000,56561000,56,561000,CA 56 Tract 561000,,Garfield Ridge
IL,80,31,14000,14000,56561100,56,561100,CA 56 Tract 561100,,Garfield Ridge
IL,80,31,14000,14000,56835200,56,835200,CA 56 Tract 835200,,Garfield Ridge
IL,80,31,14000,14000,56980100,56,980100,CA 56 Tract 980100,,Garfield Ridge
IL,80,31,14000,14000,57570100,57,570100,CA 57 Tract 570100,,"Archer Heights,"
IL,80,31,14000,14000,57570200,57,570200,CA 57 Tract 570200,,"Archer Heights,"
IL,80,31,14000,14000,57570300,57,570300,CA 57 Tract 570300,,"Archer Heights,"
IL,80,31,14000,14000,57570400,57,570400,CA 57 Tract 570400,,"Archer Heights,"
IL,80,31,14000,14000,57570500,57,570500,CA 57 Tract 570500,,"Archer Heights,"
IL,80,31,14000,14000,58580100,58,580100,CA 58 Tract 580100,,Brighton Park
IL,80,31,14000,14000,58580200,58,580200,CA 58 Tract 580200,,Brighton Park
IL,80,31,14000,14000,58580300,58,580300,CA 58 Tract 580300,,Brighton Park
IL,80,31,14000,14000,58580400,58,580400,CA 58 Tract 580400,,Brighton Park
IL,80,31,14000,14000,58580501,58,580501,CA 58 Tract 580501,,Brighton Park
IL,80,31,14000,14000,58580502,58,580502,CA 58 Tract 580502,,Brighton Park
IL,80,31,14000,14000,58580600,58,580600,CA 58 Tract 580600,,Brighton Park
IL,80,31,14000,14000,58580700,58,580700,CA 58 Tract 580700,,Brighton Park
IL,80,31,14000,14000,58580800,58,580800,CA 58 Tract 580800,,Brighton Park
IL,80,31,14000,14000,58842800,58,842800,CA 58 Tract 842800,,Brighton Park
IL,80,31,14000,14000,59590500,59,590500,CA 59 Tract 590500,,McKinley Park
IL,80,31,14000,14000,59590600,59,590600,CA 59 Tract 590600,,McKinley Park
IL,80,31,14000,14000,59590700,59,590700,CA 59 Tract 590700,,McKinley Park
IL,80,31,14000,14000,59840300,59,840300,CA 59 Tract 840300,,McKinley Park
IL,80,31,14000,14000,59840400,59,840400,CA 59 Tract 840400,,McKinley Park
IL,80,31,14000,14000,60600400,60,600400,CA 60 Tract 600400,,Bridgeport
IL,80,31,14000,14000,60600600,60,600600,CA 60 Tract 600600,,Bridgeport
IL,80,31,14000,14000,60600700,60,600700,CA 60 Tract 600700,,Bridgeport
IL,80,31,14000,14000,60600900,60,600900,CA 60 Tract 600900,,Bridgeport
IL,80,31,14000,14000,60839700,60,839700,CA 60 Tract 839700,,Bridgeport
IL,80,31,14000,14000,60839800,60,839800,CA 60 Tract 839800,,Bridgeport
IL,80,31,14000,14000,60839900,60,839900,CA 60 Tract 839900,,Bridgeport
IL,80,31,14000,14000,60840000,60,840000,CA 60 Tract 840000,,Bridgeport
IL,80,31,14000,14000,60840100,60,840100,CA 60 Tract 840100,,Bridgeport
IL,80,31,14000,14000,60840200,60,840200,CA 60 Tract 840200,,Bridgeport
IL,80,31,14000,14000,61610300,61,610300,CA 61 Tract 610300,,New City
IL,80,31,14000,14000,61610400,61,610400,CA 61 Tract 610400,,New City
IL,80,31,14000,14000,61610800,61,610800,CA 61 Tract 610800,,New City
IL,80,31,14000,14000,61611000,61,611000,CA 61 Tract 611000,,New City
IL,80,31,14000,14000,61611100,61,611100,CA 61 Tract 611100,,New City
IL,80,31,14000,14000,61611200,61,611200,CA 61 Tract 611200,,New City
IL,80,31,14000,14000,61611300,61,611300,CA 61 Tract 611300,,New City
IL,80,31,14000,14000,61611400,61,611400,CA 61 Tract 611400,,New City
IL,80,31,14000,14000,61611500,61,611500,CA 61 Tract 611500,,New City
IL,80,31,14000,14000,61611600,61,611600,CA 61 Tract 611600,,New City
IL,80,31,14000,14000,61611700,61,611700,CA 61 Tract 611700,,New City
IL,80,31,14000,14000,61611800,61,611800,CA 61 Tract 611800,,New City
IL,80,31,14000,14000,61611900,61,611900,CA 61 Tract 611900,,New City
IL,80,31,14000,14000,61612000,61,612000,CA 61 Tract 612000,,New City
IL,80,31,14000,14000,61612100,61,612100,CA 61 Tract 612100,,New City
IL,80,31,14000,14000,61842600,61,842600,CA 61 Tract 842600,,New City
IL,80,31,14000,14000,61843800,61,843800,CA 61 Tract 843800,,New City
IL,80,31,14000,14000,62620100,62,620100,CA 62 Tract 620100,,West Elsdon
IL,80,31,14000,14000,62620200,62,620200,CA 62 Tract 620200,,West Elsdon
IL,80,31,14000,14000,62620300,62,620300,CA 62 Tract 620300,,West Elsdon
IL,80,31,14000,14000,62620400,62,620400,CA 62 Tract 620400,,West Elsdon
IL,80,31,14000,14000,63630100,63,630100,CA 63 Tract 630100,,Gage Park
IL,80,31,14000,14000,63630200,63,630200,CA 63 Tract 630200,,Gage Park
IL,80,31,14000,14000,63630300,63,630300,CA 63 Tract 630300,,Gage Park
IL,80,31,14000,14000,63630400,63,630400,CA 63 Tract 630400,,Gage Park
IL,80,31,14000,14000,63630500,63,630500,CA 63 Tract 630500,,Gage Park
IL,80,31,14000,14000,63630800,63,630800,CA 63 Tract 630800,,Gage Park
IL,80,31,14000,14000,63630900,63,630900,CA 63 Tract 630900,,Gage Park
IL,80,31,14000,14000,63835100,63,835100,CA 63 Tract 835100,,Gage Park
IL,80,31,14000,14000,64640100,64,640100,CA 64 Tract 640100,,Clearing
IL,80,31,14000,14000,64640300,64,640300,CA 64 Tract 640300,,Clearing
IL,80,31,14000,14000,64640400,64,640400,CA 64 Tract 640400,,Clearing
IL,80,31,14000,14000,64640500,64,640500,CA 64 Tract 640500,,Clearing
IL,80,31,14000,14000,64640600,64,640600,CA 64 Tract 640600,,Clearing
IL,80,31,14000,14000,64640700,64,640700,CA 64 Tract 640700,,Clearing
IL,80,31,14000,14000,64640800,64,640800,CA 64 Tract 640800,,Clearing
IL,80,31,14000,14000,65650100,65,650100,CA 65 Tract 650100,,West Lawn
IL,80,31,14000,14000,65650200,65,650200,CA 65 Tract 650200,,West Lawn
IL,80,31,14000,14000,65650301,65,650301,CA 65 Tract 650301,,West Lawn
IL,80,31,14000,14000,65650302,65,650302,CA 65 Tract 650302,,West Lawn
IL,80,31,14000,14000,65650400,65,650400,CA 65 Tract 650400,,West Lawn
IL,80,31,14000,14000,65650500,65,650500,CA 65 Tract 650500,,West Lawn
IL,80,31,14000,14000,66660301,66,660301,CA 66 Tract 660301,,Chicago Lawn
IL,80,31,14000,14000,66660302,66,660302,CA 66 Tract 660302,,Chicago Lawn
IL,80,31,14000,14000,66660400,66,660400,CA 66 Tract 660400,,Chicago Lawn
IL,80,31,14000,14000,66660500,66,660500,CA 66 Tract 660500,,Chicago Lawn
IL,80,31,14000,14000,66660600,66,660600,CA 66 Tract 660600,,Chicago Lawn
IL,80,31,14000,14000,66660700,66,660700,CA 66 Tract 660700,,Chicago Lawn
IL,80,31,14000,14000,66660800,66,660800,CA 66 Tract 660800,,Chicago Lawn
IL,80,31,14000,14000,66660900,66,660900,CA 66 Tract 660900,,Chicago Lawn
IL,80,31,14000,14000,66661000,66,661000,CA 66 Tract 661000,,Chicago Lawn
IL,80,31,14000,14000,66661100,66,661100,CA 66 Tract 661100,,Chicago Lawn
IL,80,31,14000,14000,66835000,66,835000,CA 66 Tract 835000,,Chicago Lawn
IL,80,31,14000,14000,67670100,67,670100,CA 67 Tract 670100,,West Englewood
IL,80,31,14000,14000,67670200,67,670200,CA 67 Tract 670200,,West Englewood
IL,80,31,14000,14000,67670300,67,670300,CA 67 Tract 670300,,West Englewood
IL,80,31,14000,14000,67670400,67,670400,CA 67 Tract 670400,,West Englewood
IL,80,31,14000,14000,67670500,67,670500,CA 67 Tract 670500,,West Englewood
IL,80,31,14000,14000,67670600,67,670600,CA 67 Tract 670600,,West Englewood
IL,80,31,14000,14000,67670700,67,670700,CA 67 Tract 670700,,West Englewood
IL,80,31,14000,14000,67670800,67,670800,CA 67 Tract 670800,,West Englewood
IL,80,31,14000,14000,67670900,67,670900,CA 67 Tract 670900,,West Englewood
IL,80,31,14000,14000,67671100,67,671100,CA 67 Tract 671100,,West Englewood
IL,80,31,14000,14000,67671200,67,671200,CA 67 Tract 671200,,West Englewood
IL,80,31,14000,14000,67671300,67,671300,CA 67 Tract 671300,,West Englewood
IL,80,31,14000,14000,67671400,67,671400,CA 67 Tract 671400,,West Englewood
IL,80,31,14000,14000,67671500,67,671500,CA 67 Tract 671500,,West Englewood
IL,80,31,14000,14000,67671600,67,671600,CA 67 Tract 671600,,West Englewood
IL,80,31,14000,14000,67671800,67,671800,CA 67 Tract 671800,,West Englewood
IL,80,31,14000,14000,67671900,67,671900,CA 67 Tract 671900,,West Englewood
IL,80,31,14000,14000,67672000,67,672000,CA 67 Tract 672000,,West Englewood
IL,80,31,14000,14000,67834900,67,834900,CA 67 Tract 834900,,West Englewood
IL,80,31,14000,14000,68680500,68,680500,CA 68 Tract 680500,,Englewood
IL,80,31,14000,14000,68680600,68,680600,CA 68 Tract 680600,,Englewood
IL,80,31,14000,14000,68680900,68,680900,CA 68 Tract 680900,,Englewood
IL,80,31,14000,14000,68681000,68,681000,CA 68 Tract 681000,,Englewood
IL,80,31,14000,14000,68681100,68,681100,CA 68 Tract 681100,,Englewood
IL,80,31,14000,14000,68681200,68,681200,CA 68 Tract 681200,,Englewood
IL,80,31,14000,14000,68681300,68,681300,CA 68 Tract 681300,,Englewood
IL,80,31,14000,14000,68681400,68,681400,CA 68 Tract 681400,,Englewood
IL,80,31,14000,14000,68834600,68,834600,CA 68 Tract 834600,,Englewood
IL,80,31,14000,14000,68834700,68,834700,CA 68 Tract 834700,,Englewood
IL,80,31,14000,14000,68834800,68,834800,CA 68 Tract 834800,,Englewood
IL,80,31,14000,14000,69690300,69,690300,CA 69 Tract 690300,,Greater Grand Crossing
IL,80,31,14000,14000,69690400,69,690400,CA 69 Tract 690400,,Greater Grand Crossing
IL,80,31,14000,14000,69690500,69,690500,CA 69 Tract 690500,,Greater Grand Crossing
IL,80,31,14000,14000,69690900,69,690900,CA 69 Tract 690900,,Greater Grand Crossing
IL,80,31,14000,14000,69691000,69,691000,CA 69 Tract 691000,,Greater Grand Crossing
IL,80,31,14000,14000,69691100,69,691100,CA 69 Tract 691100,,Greater Grand Crossing
IL,80,31,14000,14000,69691200,69,691200,CA 69 Tract 691200,,Greater Grand Crossing
IL,80,31,14000,14000,69691300,69,691300,CA 69 Tract 691300,,Greater Grand Crossing
IL,80,31,14000,14000,69691400,69,691400,CA 69 Tract 691400,,Greater Grand Crossing
IL,80,31,14000,14000,69691500,69,691500,CA 69 Tract 691500,,Greater Grand Crossing
IL,80,31,14000,14000,69841800,69,841800,CA 69 Tract 841800,,Greater Grand Crossing
IL,80,31,14000,14000,69842500,69,842500,CA 69 Tract 842500,,Greater Grand Crossing
IL,80,31,14000,14000,70700100,70,700100,CA 70 Tract 700100,,Ashburn
IL,80,31,14000,14000,70700200,70,700200,CA 70 Tract 700200,,Ashburn
IL,80,31,14000,14000,70700301,70,700301,CA 70 Tract 700301,,Ashburn
IL,80,31,14000,14000,70700302,70,700302,CA 70 Tract 700302,,Ashburn
IL,80,31,14000,14000,70700401,70,700401,CA 70 Tract 700401,,Ashburn
IL,80,31,14000,14000,70700402,70,700402,CA 70 Tract 700402,,Ashburn
IL,80,31,14000,14000,70700501,70,700501,CA 70 Tract 700501,,Ashburn
IL,80,31,14000,14000,70700502,70,700502,CA 70 Tract 700502,,Ashburn
IL,80,31,14000,14000,71710100,71,710100,CA 71 Tract 710100,,Auburn Gresham
IL,80,31,14000,14000,71710200,71,710200,CA 71 Tract 710200,,Auburn Gresham
IL,80,31,14000,14000,71710300,71,710300,CA 71 Tract 710300,,Auburn Gresham
IL,80,31,14000,14000,71710400,71,710400,CA 71 Tract 710400,,Auburn Gresham
IL,80,31,14000,14000,71710500,71,710500,CA 71 Tract 710500,,Auburn Gresham
IL,80,31,14000,14000,71710600,71,710600,CA 71 Tract 710600,,Auburn Gresham
IL,80,31,14000,14000,71710700,71,710700,CA 71 Tract 710700,,Auburn Gresham
IL,80,31,14000,14000,71710800,71,710800,CA 71 Tract 710800,,Auburn Gresham
IL,80,31,14000,14000,71710900,71,710900,CA 71 Tract 710900,,Auburn Gresham
IL,80,31,14000,14000,71711000,71,711000,CA 71 Tract 711000,,Auburn Gresham
IL,80,31,14000,14000,71711100,71,711100,CA 71 Tract 711100,,Auburn Gresham
IL,80,31,14000,14000,71711200,71,711200,CA 71 Tract 711200,,Auburn Gresham
IL,80,31,14000,14000,71711300,71,711300,CA 71 Tract 711300,,Auburn Gresham
IL,80,31,14000,14000,71711400,71,711400,CA 71 Tract 711400,,Auburn Gresham
IL,80,31,14000,14000,71711500,71,711500,CA 71 Tract 711500,,Auburn Gresham
IL,80,31,14000,14000,72720100,72,720100,CA 72 Tract 720100,,Beverly
IL,80,31,14000,14000,72720200,72,720200,CA 72 Tract 720200,,Beverly
IL,80,31,14000,14000,72720300,72,720300,CA 72 Tract 720300,,Beverly
IL,80,31,14000,14000,72720400,72,720400,CA 72 Tract 720400,,Beverly
IL,80,31,14000,14000,72720500,72,720500,CA 72 Tract 720500,,Beverly
IL,80,31,14000,14000,72720600,72,720600,CA 72 Tract 720600,,Beverly
IL,80,31,14000,14000,72720700,72,720700,CA 72 Tract 720700,,Beverly
IL,80,31,14000,14000,73730100,73,730100,CA 73 Tract 730100,,Washington Heights
IL,80,31,14000,14000,73730201,73,730201,CA 73 Tract 730201,,Washington Heights
IL,80,31,14000,14000,73730202,73,730202,CA 73 Tract 730202,,Washington Heights
IL,80,31,14000,14000,73730300,73,730300,CA 73 Tract 730300,,Washington Heights
IL,80,31,14000,14000,73730400,73,730400,CA 73 Tract 730400,,Washington Heights
IL,80,31,14000,14000,73730500,73,730500,CA 73 Tract 730500,,Washington Heights
IL,80,31,14000,14000,73730600,73,730600,CA 73 Tract 730600,,Washington Heights
IL,80,31,14000,14000,73730700,73,730700,CA 73 Tract 730700,,Washington Heights
IL,80,31,14000,14000,74740100,74,740100,CA 74 Tract 740100,,Mount Greenwood
IL,80,31,14000,14000,74740200,74,740200,CA 74 Tract 740200,,Mount Greenwood
IL,80,31,14000,14000,74740300,74,740300,CA 74 Tract 740300,,Mount Greenwood
IL,80,31,14000,14000,74740400,74,740400,CA 74 Tract 740400,,Mount Greenwood
IL,80,31,14000,14000,75750100,75,750100,CA 75 Tract 750100,,Morgan Park
IL,80,31,14000,14000,75750200,75,750200,CA 75 Tract 750200,,Morgan Park
IL,80,31,14000,14000,75750300,75,750300,CA 75 Tract 750300,,Morgan Park
IL,80,31,14000,14000,75750400,75,750400,CA 75 Tract 750400,,Morgan Park
IL,80,31,14000,14000,75750500,75,750500,CA 75 Tract 750500,,Morgan Park
IL,80,31,14000,14000,75750600,75,750600,CA 75 Tract 750600,,Morgan Park
IL,80,31,14000,14000,75823304,75,823304,CA 75 Tract 823304,,Morgan Park
IL,80,31,14000,14000,76760801,76,760801,CA 76 Tract 760801,,Ohare
IL,80,31,14000,14000,76760802,76,760802,CA 76 Tract 760802,,Ohare
IL,80,31,14000,14000,76760803,76,760803,CA 76 Tract 760803,,Ohare
IL,80,31,14000,14000,76770500,76,770500,CA 76 Tract 770500,"Only partially in Chicago, and does not appear to include Chicago population",Ohare
IL,80,31,14000,14000,76770602,76,770602,CA 76 Tract 770602,,Ohare
IL,80,31,14000,14000,76770700,76,770700,CA 76 Tract 770700,"Only partially in Chicago, and does not appear to include Chicago population",Ohare
IL,80,31,14000,14000,76770800,76,770800,CA 76 Tract 770800,"Only partially in Chicago, and does not appear to include Chicago population",Ohare
IL,80,31,14000,14000,76770902,76,770902,CA 76 Tract 770902,,Ohare
IL,80,31,14000,14000,76980000,76,980000,CA 76 Tract 980000,,Ohare
IL,80,31,14000,14000,77030101,77,030101,CA 77 Tract 030101,,Edgewater
IL,80,31,14000,14000,77030102,77,030102,CA 77 Tract 030102,,Edgewater
IL,80,31,14000,14000,77030103,77,030103,CA 77 Tract 030103,,Edgewater
IL,80,31,14000,14000,77030104,77,030104,CA 77 Tract 030104,,Edgewater
IL,80,31,14000,14000,77030200,77,030200,CA 77 Tract 030200,,Edgewater
IL,80,31,14000,14000,77030300,77,030300,CA 77 Tract 030300,,Edgewater
IL,80,31,14000,14000,77030400,77,030400,CA 77 Tract 030400,,Edgewater
IL,80,31,14000,14000,77030500,77,030500,CA 77 Tract 030500,,Edgewater
IL,80,31,14000,14000,77030601,77,030601,CA 77 Tract 030601,,Edgewater
IL,80,31,14000,14000,77030603,77,030603,CA 77 Tract 030603,,Edgewater
IL,80,31,14000,14000,77030604,77,030604,CA 77 Tract 030604,,Edgewater
IL,80,31,14000,14000,77030701,77,030701,CA 77 Tract 030701,,Edgewater
IL,80,31,14000,14000,77030702,77,030702,CA 77 Tract 030702,,Edgewater
IL,80,31,14000,14000,77030703,77,030703,CA 77 Tract 030703,,Edgewater
IL,80,31,14000,14000,77030706,77,030706,CA 77 Tract 030706,,Edgewater
IL,80,31,14000,14000,77030800,77,030800,CA 77 Tract 030800,,Edgewater
IL,80,31,14000,14000,77030900,77,030900,CA 77 Tract 030900,,Edgewater